Age,Cluster,District,Female_15_29,Female_30,Gendered_HH_Type,KFP_Comp_Feed,KFP_Comp_Feed_2,KFP_criticalhandwashing,KFP_Dietary_Diversity,KFP_Exclusive,KFP_Initiation,KFP_minmeal,Men_15_29,Men_30,Participate_CareGroup,Participate_CashTransfer,Participate_Disaster,Participate_FFB,Participate_GenderedClimate,Participate_IGA,Participate_Natural,Participate_PTS,Participate_ResilienceDesign,Participate_SAADialoguesGender,Participate_SuppFeeding,Participate_TVET,Participate_VillageSavings,Participate_WASH,Sex,Village,Ward,Frame1_3,Frame3,program,KFP_contbf,KFP_micronutrient,KFP_TimelyImmun,Participate_AgrLoan,Participate_CommSupp,Participate_DykeCon,Participate_Irrigation,Participate_Livestock,Participate_Marketing,Participate_Meg,Participate_Radio,Participate_TVET_formal,Participate_TVET_informal,Participate_WaterManage,Participate_YouthGroup,source_caregroup,source_cluster,source_healthfacil,source_interpersonal,source_other,source_promoter,source_radio,source_socialmedia,source_tfd,source_training,frame_c06,KFP_sum,interventions,frame,KFP
40,1,Mutare,0,1,Adult Male and Adult Female (M&F),0,1,0,0,0,0,0,1,1,0,0,0,0,0,NA,0,1,0,0,0,0,0,0,Female,Masvaure,25,1,1,TAKUNDA,NA,NA,NA,NA,NA,NA,NA,NA,NA,NA,NA,NA,NA,NA,NA,NA,NA,NA,NA,NA,NA,NA,NA,NA,NA,NA,1,1,1,One or more (1+)
26,1,Mutare,2,0,Adult Male and Adult Female (M&F),NA,NA,NA,NA,NA,NA,NA,3,1,0,0,0,0,0,NA,0,0,0,0,1,0,0,0,Female,Matsvaure,25,1,1,TAKUNDA,NA,NA,NA,NA,NA,NA,NA,NA,NA,NA,NA,NA,NA,NA,NA,NA,NA,NA,NA,NA,NA,NA,NA,NA,NA,NA,0,1,1,Zero (0)
31,1,Mutare,1,2,Adult Female no Adult Male (FnM),1,1,0,0,1,0,0,0,0,0,0,0,0,0,NA,0,0,1,0,0,0,1,1,Female,Masvaure,25,1,1,TAKUNDA,NA,NA,NA,NA,NA,NA,NA,NA,NA,NA,NA,NA,NA,NA,NA,NA,NA,NA,NA,NA,NA,NA,NA,NA,NA,NA,3,3,1,One or more (1+)
42,1,Mutare,0,1,Adult Male and Adult Female (M&F),0,0,1,1,1,0,1,2,1,0,0,0,1,0,NA,0,0,0,1,1,0,1,1,Female,Masvaure,25,1,1,TAKUNDA,NA,NA,NA,NA,NA,NA,NA,NA,NA,NA,NA,NA,NA,NA,NA,NA,NA,NA,NA,NA,NA,NA,NA,NA,NA,NA,4,5,1,One or more (1+)
48,C,Chivi,2,1,Adult Male and Adult Female (M&F),1,1,1,1,1,1,1,1,1,0,0,0,1,0,NA,0,0,0,0,0,0,1,0,Female,Chipande,19,0,1,TAKUNDA,NA,NA,NA,NA,NA,NA,NA,NA,NA,NA,NA,NA,NA,NA,NA,NA,NA,NA,NA,NA,NA,NA,NA,NA,NA,NA,7,2,1,One or more (1+)
41,C,Chivi,0,1,Adult Male and Adult Female (M&F),0,1,0,1,1,1,1,2,2,1,0,0,1,0,NA,0,0,0,0,0,0,0,0,Female,Pita,19,0,1,TAKUNDA,NA,NA,NA,NA,NA,NA,NA,NA,NA,NA,NA,NA,NA,NA,NA,NA,NA,NA,NA,NA,NA,NA,NA,NA,NA,NA,5,2,1,One or more (1+)
34,C,Chivi,0,1,Adult Male and Adult Female (M&F),0,1,1,1,1,0,0,0,1,NA,NA,NA,NA,NA,NA,NA,NA,NA,NA,NA,NA,NA,NA,Female,Chikandiwa,19,1,1,TAKUNDA,NA,NA,NA,NA,NA,NA,NA,NA,NA,NA,NA,NA,NA,NA,NA,NA,NA,NA,NA,NA,NA,NA,NA,NA,NA,NA,4,0,1,One or more (1+)
44,C,Chivi,2,1,Adult Male and Adult Female (M&F),0,0,0,1,1,1,1,2,1,0,0,1,0,0,NA,0,0,0,0,0,0,0,0,Female,Gundani,19,1,1,TAKUNDA,NA,NA,NA,NA,NA,NA,NA,NA,NA,NA,NA,NA,NA,NA,NA,NA,NA,NA,NA,NA,NA,NA,NA,NA,NA,NA,4,1,1,One or more (1+)
47,C,Chivi,2,1,Adult Male and Adult Female (M&F),0,0,1,1,1,1,1,2,1,0,0,1,0,0,NA,0,0,0,0,0,0,0,0,Female,Gundani,19,1,1,TAKUNDA,NA,NA,NA,NA,NA,NA,NA,NA,NA,NA,NA,NA,NA,NA,NA,NA,NA,NA,NA,NA,NA,NA,NA,NA,NA,NA,5,1,1,One or more (1+)
29,8,Buhera,1,NA,Adult Male and Adult Female (M&F),NA,NA,NA,NA,NA,NA,NA,NA,1,1,0,0,1,0,NA,0,0,0,0,0,0,1,0,Female,Matyenyika,15,1,1,TAKUNDA,NA,NA,NA,NA,NA,NA,NA,NA,NA,NA,NA,NA,NA,NA,NA,NA,NA,NA,NA,NA,NA,NA,NA,NA,NA,NA,0,3,1,Zero (0)
40,C,Chivi,0,1,Adult Male and Adult Female (M&F),0,0,0,0,1,1,0,1,1,0,0,0,0,0,NA,0,0,0,0,1,0,1,0,Female,Chikandiwa,19,1,1,TAKUNDA,NA,NA,NA,NA,NA,NA,NA,NA,NA,NA,NA,NA,NA,NA,NA,NA,NA,NA,NA,NA,NA,NA,NA,NA,NA,NA,2,2,1,One or more (1+)
37,C,Chivi,1,1,Adult Male and Adult Female (M&F),0,0,1,0,1,1,1,0,1,0,0,0,0,0,NA,0,0,0,0,1,0,0,0,Female,Chikandiwa,19,0,1,TAKUNDA,NA,NA,NA,NA,NA,NA,NA,NA,NA,NA,NA,NA,NA,NA,NA,NA,NA,NA,NA,NA,NA,NA,NA,NA,NA,NA,4,1,1,One or more (1+)
45,1,Mutare,1,1,Adult Male and Adult Female (M&F),1,1,0,1,1,0,1,1,1,0,0,0,1,0,NA,0,0,1,0,0,0,0,0,Female,Masvaure,25,1,1,TAKUNDA,NA,NA,NA,NA,NA,NA,NA,NA,NA,NA,NA,NA,NA,NA,NA,NA,NA,NA,NA,NA,NA,NA,NA,NA,NA,NA,5,2,1,One or more (1+)
24,1,Mutare,1,0,Adult Female no Adult Male (FnM),NA,NA,NA,NA,NA,NA,NA,0,0,1,0,0,0,0,NA,0,0,0,0,1,0,0,0,Female,Masvaure,25,1,1,TAKUNDA,NA,NA,NA,NA,NA,NA,NA,NA,NA,NA,NA,NA,NA,NA,NA,NA,NA,NA,NA,NA,NA,NA,NA,NA,NA,NA,0,2,1,Zero (0)
39,1,Mutare,0,1,Adult Male and Adult Female (M&F),NA,NA,NA,NA,NA,NA,NA,1,1,0,0,0,0,0,NA,0,0,0,0,1,0,0,0,Female,Masvaure,25,1,1,TAKUNDA,NA,NA,NA,NA,NA,NA,NA,NA,NA,NA,NA,NA,NA,NA,NA,NA,NA,NA,NA,NA,NA,NA,NA,NA,NA,NA,0,1,1,Zero (0)
24,1,Mutare,1,0,Adult Female no Adult Male (FnM),0,0,0,1,1,0,0,0,0,1,0,0,0,0,NA,0,0,0,0,1,0,0,0,Female,Masvaure,25,1,1,TAKUNDA,NA,NA,NA,NA,NA,NA,NA,NA,NA,NA,NA,NA,NA,NA,NA,NA,NA,NA,NA,NA,NA,NA,NA,NA,NA,NA,2,2,1,One or more (1+)
39,1,Mutare,0,1,Adult Male and Adult Female (M&F),0,0,1,0,0,0,0,1,0,0,0,0,0,0,NA,0,0,0,0,1,0,0,0,Female,Masvaure,25,1,1,TAKUNDA,NA,NA,NA,NA,NA,NA,NA,NA,NA,NA,NA,NA,NA,NA,NA,NA,NA,NA,NA,NA,NA,NA,NA,NA,NA,NA,1,1,1,One or more (1+)
39,A,Chivi,1,1,Adult Male and Adult Female (M&F),0,1,1,1,1,0,0,0,1,1,1,1,1,1,NA,1,0,1,1,1,0,1,0,Female,Macheka,12,1,1,TAKUNDA,NA,NA,NA,NA,NA,NA,NA,NA,NA,NA,NA,NA,NA,NA,NA,NA,NA,NA,NA,NA,NA,NA,NA,NA,NA,NA,4,10,1,One or more (1+)
31,A,Chivi,0,1,Adult Male and Adult Female (M&F),0,1,1,1,1,0,1,0,1,1,0,0,1,0,NA,0,0,0,1,1,0,0,0,Female,Mangwana,12,1,1,TAKUNDA,NA,NA,NA,NA,NA,NA,NA,NA,NA,NA,NA,NA,NA,NA,NA,NA,NA,NA,NA,NA,NA,NA,NA,NA,NA,NA,5,4,1,One or more (1+)
45,A,Chivi,1,1,Adult Male and Adult Female (M&F),0,1,1,1,1,1,1,1,1,0,0,0,1,0,NA,0,0,0,0,0,0,0,0,Female,Mhazo,12,1,1,TAKUNDA,NA,NA,NA,NA,NA,NA,NA,NA,NA,NA,NA,NA,NA,NA,NA,NA,NA,NA,NA,NA,NA,NA,NA,NA,NA,NA,6,1,1,One or more (1+)
26,5,Zaka,0,1,Adult Male and Adult Female (M&F),0,0,1,1,1,1,0,0,1,0,0,0,0,0,NA,0,0,0,0,1,0,0,0,Female,Janga,20,0,1,TAKUNDA,NA,NA,NA,NA,NA,NA,NA,NA,NA,NA,NA,NA,NA,NA,NA,NA,NA,NA,NA,NA,NA,NA,NA,NA,NA,NA,4,1,1,One or more (1+)
24,8,Buhera,2,0,Adult Male and Adult Female (M&F),0,0,0,0,0,0,1,0,1,0,0,0,1,0,NA,0,0,0,0,1,0,0,0,Female,Rubunya,15,1,1,TAKUNDA,NA,NA,NA,NA,NA,NA,NA,NA,NA,NA,NA,NA,NA,NA,NA,NA,NA,NA,NA,NA,NA,NA,NA,NA,NA,NA,1,2,1,One or more (1+)
22,1,Mutare,1,0,Adult Male and Adult Female (M&F),0,1,0,0,0,0,0,0,1,0,0,0,0,0,NA,0,0,0,0,1,0,1,0,Female,Masvaure,25,1,1,TAKUNDA,NA,NA,NA,NA,NA,NA,NA,NA,NA,NA,NA,NA,NA,NA,NA,NA,NA,NA,NA,NA,NA,NA,NA,NA,NA,NA,1,2,1,One or more (1+)
42,E,Chivi,2,1,Adult Male and Adult Female (M&F),0,1,1,1,1,0,1,1,1,NA,NA,NA,NA,NA,NA,NA,NA,NA,NA,NA,NA,NA,NA,Female,Chamakumwende,8,1,1,TAKUNDA,NA,NA,NA,NA,NA,NA,NA,NA,NA,NA,NA,NA,NA,NA,NA,NA,NA,NA,NA,NA,NA,NA,NA,NA,NA,NA,5,0,1,One or more (1+)
51,F,Chivi,0,1,Adult Male and Adult Female (M&F),0,1,1,1,1,1,1,2,0,NA,NA,NA,NA,NA,NA,NA,NA,NA,NA,NA,NA,NA,NA,Female,Chitsaka,8,1,1,TAKUNDA,NA,NA,NA,NA,NA,NA,NA,NA,NA,NA,NA,NA,NA,NA,NA,NA,NA,NA,NA,NA,NA,NA,NA,NA,NA,NA,6,0,1,One or more (1+)
35,E,Chivi,0,1,Adult Male and Adult Female (M&F),1,1,1,1,1,0,0,0,1,1,0,0,0,0,NA,0,0,0,0,1,0,0,0,Female,Manyumbu,8,1,1,TAKUNDA,NA,NA,NA,NA,NA,NA,NA,NA,NA,NA,NA,NA,NA,NA,NA,NA,NA,NA,NA,NA,NA,NA,NA,NA,NA,NA,5,2,1,One or more (1+)
23,E,Chivi,0,1,Adult Male and Adult Female (M&F),0,1,1,1,1,0,0,1,0,0,0,0,0,0,NA,0,0,0,0,1,0,0,0,Female,Manyumbu,8,1,1,TAKUNDA,NA,NA,NA,NA,NA,NA,NA,NA,NA,NA,NA,NA,NA,NA,NA,NA,NA,NA,NA,NA,NA,NA,NA,NA,NA,NA,4,1,1,One or more (1+)
35,E,Chivi,0,1,Adult Male and Adult Female (M&F),0,0,0,1,1,0,0,0,1,0,0,0,0,0,NA,0,0,0,0,1,0,0,0,Female,Manyumbu,8,1,1,TAKUNDA,NA,NA,NA,NA,NA,NA,NA,NA,NA,NA,NA,NA,NA,NA,NA,NA,NA,NA,NA,NA,NA,NA,NA,NA,NA,NA,2,1,1,One or more (1+)
32,E,Chivi,0,1,Adult Male and Adult Female (M&F),0,0,1,1,1,0,0,0,1,0,0,0,0,0,NA,0,0,0,0,1,0,1,0,Female,Manyumbu,8,1,1,TAKUNDA,NA,NA,NA,NA,NA,NA,NA,NA,NA,NA,NA,NA,NA,NA,NA,NA,NA,NA,NA,NA,NA,NA,NA,NA,NA,NA,3,2,1,One or more (1+)
27,E,Chivi,1,0,Adult Male and Adult Female (M&F),0,1,1,1,1,0,0,0,1,0,0,0,1,0,NA,0,0,1,0,1,0,1,0,Female,Manyumbu,8,1,1,TAKUNDA,NA,NA,NA,NA,NA,NA,NA,NA,NA,NA,NA,NA,NA,NA,NA,NA,NA,NA,NA,NA,NA,NA,NA,NA,NA,NA,4,4,1,One or more (1+)
41,E,Chivi,1,1,Adult Male and Adult Female (M&F),0,1,1,0,1,0,0,1,2,0,0,0,0,0,NA,0,0,0,0,1,0,0,0,Female,Njini,8,0,1,TAKUNDA,NA,NA,NA,NA,NA,NA,NA,NA,NA,NA,NA,NA,NA,NA,NA,NA,NA,NA,NA,NA,NA,NA,NA,NA,NA,NA,3,1,1,One or more (1+)
25,E,Chivi,1,0,Adult Male and Adult Female (M&F),0,0,1,1,1,0,0,1,0,0,0,0,1,0,NA,0,0,0,0,1,0,1,0,Female,Njini,8,0,1,TAKUNDA,NA,NA,NA,NA,NA,NA,NA,NA,NA,NA,NA,NA,NA,NA,NA,NA,NA,NA,NA,NA,NA,NA,NA,NA,NA,NA,3,3,1,One or more (1+)
45,F,Chivi,0,3,Adult Male and Adult Female (M&F),0,1,0,1,1,1,0,1,1,0,0,0,1,0,NA,0,0,0,0,1,0,1,0,Female,Tirivanhu,8,0,1,TAKUNDA,NA,NA,NA,NA,NA,NA,NA,NA,NA,NA,NA,NA,NA,NA,NA,NA,NA,NA,NA,NA,NA,NA,NA,NA,NA,NA,4,3,1,One or more (1+)
50,F,Chivi,0,1,Adult Male and Adult Female (M&F),0,1,1,0,1,0,0,2,1,0,0,0,1,0,NA,0,0,0,0,1,0,0,0,Female,Chitsaka,8,0,1,TAKUNDA,NA,NA,NA,NA,NA,NA,NA,NA,NA,NA,NA,NA,NA,NA,NA,NA,NA,NA,NA,NA,NA,NA,NA,NA,NA,NA,3,2,1,One or more (1+)
48,11,Buhera,1,1,Adult Male and Adult Female (M&F),0,1,1,0,1,1,1,3,1,1,0,0,0,0,NA,0,0,0,0,0,0,0,0,Female,Munyonho,22,1,1,TAKUNDA,NA,NA,NA,NA,NA,NA,NA,NA,NA,NA,NA,NA,NA,NA,NA,NA,NA,NA,NA,NA,NA,NA,NA,NA,NA,NA,5,1,1,One or more (1+)
39,11,Buhera,2,1,Adult Male and Adult Female (M&F),0,1,1,0,0,1,1,1,1,NA,NA,NA,NA,NA,NA,NA,NA,NA,NA,NA,NA,NA,NA,Female,Munyonho,22,1,1,TAKUNDA,NA,NA,NA,NA,NA,NA,NA,NA,NA,NA,NA,NA,NA,NA,NA,NA,NA,NA,NA,NA,NA,NA,NA,NA,NA,NA,4,0,1,One or more (1+)
24,11,Buhera,1,0,Adult Male and Adult Female (M&F),1,1,1,0,1,0,1,1,0,0,0,0,0,0,NA,0,0,0,0,1,0,0,0,Female,Charambira,22,1,1,TAKUNDA,NA,NA,NA,NA,NA,NA,NA,NA,NA,NA,NA,NA,NA,NA,NA,NA,NA,NA,NA,NA,NA,NA,NA,NA,NA,NA,5,1,1,One or more (1+)
23,11,Buhera,1,0,Adult Male and Adult Female (M&F),0,0,0,0,0,1,0,1,0,0,0,1,1,0,NA,0,0,1,0,1,0,0,0,Female,Munyonho,22,1,1,TAKUNDA,NA,NA,NA,NA,NA,NA,NA,NA,NA,NA,NA,NA,NA,NA,NA,NA,NA,NA,NA,NA,NA,NA,NA,NA,NA,NA,1,4,1,One or more (1+)
44,11,Buhera,0,1,Adult Male and Adult Female (M&F),0,0,1,0,0,1,1,1,1,1,0,0,0,0,NA,0,0,1,0,1,0,1,1,Female,Munyonho,22,1,1,TAKUNDA,NA,NA,NA,NA,NA,NA,NA,NA,NA,NA,NA,NA,NA,NA,NA,NA,NA,NA,NA,NA,NA,NA,NA,NA,NA,NA,3,5,1,One or more (1+)
42,F,Chivi,1,1,Adult Male and Adult Female (M&F),0,1,1,1,0,0,0,2,1,0,0,0,0,0,NA,0,0,1,0,0,0,0,0,Female,Chigwengwe,8,1,1,TAKUNDA,NA,NA,NA,NA,NA,NA,NA,NA,NA,NA,NA,NA,NA,NA,NA,NA,NA,NA,NA,NA,NA,NA,NA,NA,NA,NA,3,1,1,One or more (1+)
43,F,Chivi,0,1,Adult Male and Adult Female (M&F),NA,NA,NA,NA,NA,NA,NA,1,1,0,0,0,0,0,NA,0,0,1,0,1,0,0,0,Female,Chigwenga,8,1,1,TAKUNDA,NA,NA,NA,NA,NA,NA,NA,NA,NA,NA,NA,NA,NA,NA,NA,NA,NA,NA,NA,NA,NA,NA,NA,NA,NA,NA,0,2,1,Zero (0)
50,11,Buhera,2,1,Adult Male and Adult Female (M&F),0,0,0,0,1,1,0,1,1,0,0,0,0,0,NA,0,0,1,0,0,0,0,0,Female,Munyonho,22,1,1,TAKUNDA,NA,NA,NA,NA,NA,NA,NA,NA,NA,NA,NA,NA,NA,NA,NA,NA,NA,NA,NA,NA,NA,NA,NA,NA,NA,NA,2,1,1,One or more (1+)
39,11,Buhera,0,1,Adult Male and Adult Female (M&F),0,0,0,1,0,0,0,1,1,0,0,0,0,0,NA,0,0,0,0,1,0,0,0,Female,Munyonho,22,1,1,TAKUNDA,NA,NA,NA,NA,NA,NA,NA,NA,NA,NA,NA,NA,NA,NA,NA,NA,NA,NA,NA,NA,NA,NA,NA,NA,NA,NA,1,1,1,One or more (1+)
46,11,Buhera,0,1,Adult Male and Adult Female (M&F),1,0,0,0,1,1,0,1,1,1,0,0,0,0,NA,0,0,0,0,0,0,0,0,Female,Munyonho,22,1,1,TAKUNDA,NA,NA,NA,NA,NA,NA,NA,NA,NA,NA,NA,NA,NA,NA,NA,NA,NA,NA,NA,NA,NA,NA,NA,NA,NA,NA,3,1,1,One or more (1+)
33,11,Buhera,0,1,Adult Male and Adult Female (M&F),0,0,1,1,0,0,0,0,1,0,0,0,0,0,NA,0,1,0,0,1,0,1,1,Female,Charambira,22,1,1,TAKUNDA,NA,NA,NA,NA,NA,NA,NA,NA,NA,NA,NA,NA,NA,NA,NA,NA,NA,NA,NA,NA,NA,NA,NA,NA,NA,NA,2,4,1,One or more (1+)
38,1,Mutare,1,2,Adult Male and Adult Female (M&F),0,1,1,0,1,1,0,0,1,1,0,0,0,0,NA,0,0,0,1,1,1,0,1,Female,Masvaure,25,1,1,TAKUNDA,NA,NA,NA,NA,NA,NA,NA,NA,NA,NA,NA,NA,NA,NA,NA,NA,NA,NA,NA,NA,NA,NA,NA,NA,NA,NA,4,5,1,One or more (1+)
34,1,Mutare,1,1,Adult Male and Adult Female (M&F),1,1,1,1,1,1,1,1,1,0,0,1,1,0,NA,0,0,1,1,1,0,1,1,Female,Nzvenga,16,1,1,TAKUNDA,NA,NA,NA,NA,NA,NA,NA,NA,NA,NA,NA,NA,NA,NA,NA,NA,NA,NA,NA,NA,NA,NA,NA,NA,NA,NA,7,7,1,One or more (1+)
29,1,Mutare,1,0,Adult Male and Adult Female (M&F),1,1,1,0,1,1,1,1,1,1,0,0,1,0,NA,0,1,1,1,1,0,1,1,Female,Nzvenga,16,1,1,TAKUNDA,NA,NA,NA,NA,NA,NA,NA,NA,NA,NA,NA,NA,NA,NA,NA,NA,NA,NA,NA,NA,NA,NA,NA,NA,NA,NA,6,8,1,One or more (1+)
28,1,Mutare,2,1,Adult Male and Adult Female (M&F),1,1,0,0,1,1,1,1,1,1,0,1,1,0,NA,0,0,1,1,1,0,1,1,Female,Nzvenga,16,1,1,TAKUNDA,NA,NA,NA,NA,NA,NA,NA,NA,NA,NA,NA,NA,NA,NA,NA,NA,NA,NA,NA,NA,NA,NA,NA,NA,NA,NA,5,8,1,One or more (1+)
32,1,Mutare,0,1,Adult Male and Adult Female (M&F),1,1,1,0,1,1,1,0,1,1,0,0,1,0,NA,0,1,1,1,0,0,0,1,Female,Nzvenga,16,1,1,TAKUNDA,NA,NA,NA,NA,NA,NA,NA,NA,NA,NA,NA,NA,NA,NA,NA,NA,NA,NA,NA,NA,NA,NA,NA,NA,NA,NA,6,6,1,One or more (1+)
25,1,Mutare,1,0,Adult Male and Adult Female (M&F),1,1,0,1,1,1,1,0,1,1,0,1,1,0,NA,0,0,1,1,1,0,1,1,Female,Nzvenga,16,1,1,TAKUNDA,NA,NA,NA,NA,NA,NA,NA,NA,NA,NA,NA,NA,NA,NA,NA,NA,NA,NA,NA,NA,NA,NA,NA,NA,NA,NA,6,8,1,One or more (1+)
37,1,Mutare,1,2,Adult Male and Adult Female (M&F),0,0,0,0,0,1,0,0,1,0,0,0,1,0,NA,0,0,0,0,0,0,1,0,Female,Nzvenga,16,1,1,TAKUNDA,NA,NA,NA,NA,NA,NA,NA,NA,NA,NA,NA,NA,NA,NA,NA,NA,NA,NA,NA,NA,NA,NA,NA,NA,NA,NA,1,2,1,One or more (1+)
41,1,Mutare,1,1,Adult Male and Adult Female (M&F),0,0,0,1,0,0,1,2,1,0,0,0,1,0,NA,0,0,0,0,1,0,1,0,Female,Nzvenga,16,0,1,TAKUNDA,NA,NA,NA,NA,NA,NA,NA,NA,NA,NA,NA,NA,NA,NA,NA,NA,NA,NA,NA,NA,NA,NA,NA,NA,NA,NA,2,3,1,One or more (1+)
31,1,Mutare,0,1,Adult Male and Adult Female (M&F),1,0,0,1,0,0,0,0,1,0,0,0,1,0,NA,0,0,0,0,1,0,0,0,Female,Nzvenga,16,1,1,TAKUNDA,NA,NA,NA,NA,NA,NA,NA,NA,NA,NA,NA,NA,NA,NA,NA,NA,NA,NA,NA,NA,NA,NA,NA,NA,NA,NA,2,2,1,One or more (1+)
43,1,Mutare,1,1,Adult Male and Adult Female (M&F),1,0,0,0,0,1,0,1,1,0,0,0,0,0,NA,0,0,0,0,1,0,0,0,Female,Nzvenga,16,0,1,TAKUNDA,NA,NA,NA,NA,NA,NA,NA,NA,NA,NA,NA,NA,NA,NA,NA,NA,NA,NA,NA,NA,NA,NA,NA,NA,NA,NA,2,1,1,One or more (1+)
47,1,Mutare,2,1,Adult Male and Adult Female (M&F),0,0,0,1,1,0,1,2,1,0,0,0,1,0,NA,0,0,0,0,0,0,0,0,Female,Nzvenga,16,1,1,TAKUNDA,NA,NA,NA,NA,NA,NA,NA,NA,NA,NA,NA,NA,NA,NA,NA,NA,NA,NA,NA,NA,NA,NA,NA,NA,NA,NA,3,1,1,One or more (1+)
45,6,Buhera,0,1,Adult Male and Adult Female (M&F),0,0,1,0,0,0,0,2,1,1,0,0,1,0,NA,0,0,0,0,1,0,0,0,Female,Mugombe,18,1,1,TAKUNDA,NA,NA,NA,NA,NA,NA,NA,NA,NA,NA,NA,NA,NA,NA,NA,NA,NA,NA,NA,NA,NA,NA,NA,NA,NA,NA,1,3,1,One or more (1+)
38,6,Buhera,1,1,Adult Male and Adult Female (M&F),1,0,1,0,0,0,0,0,1,1,0,0,1,0,NA,0,0,0,0,1,0,1,1,Female,Mugombe,18,1,1,TAKUNDA,NA,NA,NA,NA,NA,NA,NA,NA,NA,NA,NA,NA,NA,NA,NA,NA,NA,NA,NA,NA,NA,NA,NA,NA,NA,NA,2,5,1,One or more (1+)
36,A,Chivi,0,1,Adult Male and Adult Female (M&F),1,1,1,1,1,1,1,0,1,1,NA,NA,NA,NA,NA,NA,NA,NA,NA,NA,NA,NA,NA,Female,Musiiwa,24,1,1,TAKUNDA,NA,NA,NA,NA,NA,NA,NA,NA,NA,NA,NA,NA,NA,NA,NA,NA,NA,NA,NA,NA,NA,NA,NA,NA,NA,NA,7,1,1,One or more (1+)
39,7,Zaka,0,1,Adult Male and Adult Female (M&F),0,1,0,1,1,0,0,2,1,1,0,0,0,0,NA,0,0,0,0,1,0,0,0,Female,Chimbidzikai,30,1,1,TAKUNDA,NA,NA,NA,NA,NA,NA,NA,NA,NA,NA,NA,NA,NA,NA,NA,NA,NA,NA,NA,NA,NA,NA,NA,NA,NA,NA,3,2,1,One or more (1+)
33,7,Zaka,0,1,Adult Male and Adult Female (M&F),1,0,1,1,1,1,0,1,1,1,0,0,0,0,NA,0,0,0,0,1,0,0,0,Female,Chimbidzikai,30,1,1,TAKUNDA,NA,NA,NA,NA,NA,NA,NA,NA,NA,NA,NA,NA,NA,NA,NA,NA,NA,NA,NA,NA,NA,NA,NA,NA,NA,NA,5,2,1,One or more (1+)
33,7,Zaka,0,1,Adult Male and Adult Female (M&F),0,1,0,1,1,1,0,0,1,0,0,0,0,0,NA,0,0,0,0,1,0,0,1,Female,Chimbidzikai,30,1,1,TAKUNDA,NA,NA,NA,NA,NA,NA,NA,NA,NA,NA,NA,NA,NA,NA,NA,NA,NA,NA,NA,NA,NA,NA,NA,NA,NA,NA,4,2,1,One or more (1+)
39,7,Zaka,0,1,Adult Male and Adult Female (M&F),1,1,0,1,1,1,1,0,1,1,0,0,0,0,NA,0,0,0,0,1,0,0,1,Female,Chimbidzikai,30,1,1,TAKUNDA,NA,NA,NA,NA,NA,NA,NA,NA,NA,NA,NA,NA,NA,NA,NA,NA,NA,NA,NA,NA,NA,NA,NA,NA,NA,NA,6,3,1,One or more (1+)
40,4,Zaka,1,1,Adult Male and Adult Female (M&F),0,0,0,1,0,1,0,1,1,0,0,0,1,0,NA,0,0,0,0,0,0,0,1,Female,Chavani,30,0,1,TAKUNDA,NA,NA,NA,NA,NA,NA,NA,NA,NA,NA,NA,NA,NA,NA,NA,NA,NA,NA,NA,NA,NA,NA,NA,NA,NA,NA,2,2,1,One or more (1+)
49,6,Buhera,1,1,Adult Male and Adult Female (M&F),0,0,1,1,1,1,0,0,1,0,0,0,1,0,NA,0,0,0,0,0,0,0,0,Female,Ngavaite,18,1,1,TAKUNDA,NA,NA,NA,NA,NA,NA,NA,NA,NA,NA,NA,NA,NA,NA,NA,NA,NA,NA,NA,NA,NA,NA,NA,NA,NA,NA,4,1,1,One or more (1+)
43,4,Zaka,2,1,Adult Male and Adult Female (M&F),1,0,0,0,0,1,0,0,1,0,0,0,0,0,NA,0,0,1,0,0,0,0,1,Female,Mbambo,30,1,1,TAKUNDA,NA,NA,NA,NA,NA,NA,NA,NA,NA,NA,NA,NA,NA,NA,NA,NA,NA,NA,NA,NA,NA,NA,NA,NA,NA,NA,2,2,1,One or more (1+)
40,4,Zaka,1,2,Adult Female no Adult Male (FnM),1,1,0,1,1,0,1,0,0,0,0,0,0,0,NA,0,0,1,0,0,0,0,1,Female,Mundingi,30,1,1,TAKUNDA,NA,NA,NA,NA,NA,NA,NA,NA,NA,NA,NA,NA,NA,NA,NA,NA,NA,NA,NA,NA,NA,NA,NA,NA,NA,NA,5,2,1,One or more (1+)
35,8,Zaka,0,1,Adult Male and Adult Female (M&F),0,0,0,0,1,0,0,0,1,1,0,0,0,0,NA,0,0,1,0,0,0,0,1,Female,Chipfunde,30,1,1,TAKUNDA,NA,NA,NA,NA,NA,NA,NA,NA,NA,NA,NA,NA,NA,NA,NA,NA,NA,NA,NA,NA,NA,NA,NA,NA,NA,NA,1,3,1,One or more (1+)
44,8,Zaka,3,1,Adult Male and Adult Female (M&F),0,1,1,0,0,0,1,1,1,1,0,0,0,0,NA,0,0,1,0,0,0,0,1,Female,Chipfende,30,1,1,TAKUNDA,NA,NA,NA,NA,NA,NA,NA,NA,NA,NA,NA,NA,NA,NA,NA,NA,NA,NA,NA,NA,NA,NA,NA,NA,NA,NA,3,3,1,One or more (1+)
37,4,Zaka,0,1,Adult Female no Adult Male (FnM),0,0,0,1,1,0,0,0,0,0,0,0,0,0,NA,0,0,1,0,0,0,0,1,Female,Mundingi,30,1,1,TAKUNDA,NA,NA,NA,NA,NA,NA,NA,NA,NA,NA,NA,NA,NA,NA,NA,NA,NA,NA,NA,NA,NA,NA,NA,NA,NA,NA,2,2,1,One or more (1+)
23,6,Buhera,1,0,Adult Male and Adult Female (M&F),0,1,0,0,1,1,1,1,0,1,0,0,0,0,NA,0,0,0,0,0,0,0,0,Female,Ngavaite,18,1,1,TAKUNDA,NA,NA,NA,NA,NA,NA,NA,NA,NA,NA,NA,NA,NA,NA,NA,NA,NA,NA,NA,NA,NA,NA,NA,NA,NA,NA,4,1,1,One or more (1+)
41,8,Zaka,2,1,Adult Male and Adult Female (M&F),0,0,0,1,1,1,0,0,1,1,0,0,0,0,NA,0,0,0,0,1,0,0,0,Female,Rusere,30,1,1,TAKUNDA,NA,NA,NA,NA,NA,NA,NA,NA,NA,NA,NA,NA,NA,NA,NA,NA,NA,NA,NA,NA,NA,NA,NA,NA,NA,NA,3,2,1,One or more (1+)
35,7,Zaka,0,1,Adult Male and Adult Female (M&F),0,0,0,0,0,0,0,0,1,0,0,0,0,0,NA,0,0,0,0,1,0,0,0,Female,Munowaneyi,30,1,1,TAKUNDA,NA,NA,NA,NA,NA,NA,NA,NA,NA,NA,NA,NA,NA,NA,NA,NA,NA,NA,NA,NA,NA,NA,NA,NA,NA,NA,0,1,1,Zero (0)
27,7,Zaka,1,0,Adult Male and Adult Female (M&F),0,0,0,1,1,0,1,1,1,1,0,0,0,0,NA,0,0,0,0,1,0,0,0,Female,Munowanei,30,1,1,TAKUNDA,NA,NA,NA,NA,NA,NA,NA,NA,NA,NA,NA,NA,NA,NA,NA,NA,NA,NA,NA,NA,NA,NA,NA,NA,NA,NA,3,2,1,One or more (1+)
35,7,Zaka,1,1,Adult Male and Adult Female (M&F),0,0,1,1,0,0,0,0,1,0,0,0,0,0,NA,0,0,0,0,1,0,0,0,Female,Muwadzuri,30,1,1,TAKUNDA,NA,NA,NA,NA,NA,NA,NA,NA,NA,NA,NA,NA,NA,NA,NA,NA,NA,NA,NA,NA,NA,NA,NA,NA,NA,NA,2,1,1,One or more (1+)
37,8,Zaka,1,1,Adult Male and Adult Female (M&F),0,1,0,1,1,0,1,2,1,1,0,0,0,0,NA,0,0,0,0,1,0,0,0,Female,Dandazara,30,1,1,TAKUNDA,NA,NA,NA,NA,NA,NA,NA,NA,NA,NA,NA,NA,NA,NA,NA,NA,NA,NA,NA,NA,NA,NA,NA,NA,NA,NA,4,2,1,One or more (1+)
36,6,Buhera,0,1,Adult Male and Adult Female (M&F),0,0,1,1,0,1,1,1,1,1,0,0,0,0,NA,0,0,0,0,0,1,0,1,Female,Mugombe,18,1,1,TAKUNDA,NA,NA,NA,NA,NA,NA,NA,NA,NA,NA,NA,NA,NA,NA,NA,NA,NA,NA,NA,NA,NA,NA,NA,NA,NA,NA,4,3,1,One or more (1+)
30,6,Buhera,0,1,Adult Male and Adult Female (M&F),0,1,1,0,1,0,1,0,1,0,0,0,0,0,NA,0,0,0,0,1,0,0,1,Female,Mugombe,18,1,1,TAKUNDA,NA,NA,NA,NA,NA,NA,NA,NA,NA,NA,NA,NA,NA,NA,NA,NA,NA,NA,NA,NA,NA,NA,NA,NA,NA,NA,4,2,1,One or more (1+)
44,6,Buhera,1,1,Adult Male and Adult Female (M&F),0,1,1,1,1,0,1,1,6,0,0,0,1,0,NA,0,1,0,0,0,0,0,1,Female,Ngavaite Village,18,1,1,TAKUNDA,NA,NA,NA,NA,NA,NA,NA,NA,NA,NA,NA,NA,NA,NA,NA,NA,NA,NA,NA,NA,NA,NA,NA,NA,NA,NA,5,3,1,One or more (1+)
27,6,Buhera,0,2,Adult Male and Adult Female (M&F),0,1,1,1,1,1,1,0,1,0,0,0,1,0,NA,0,1,0,0,1,0,1,1,Female,Ngavaite,18,1,1,TAKUNDA,NA,NA,NA,NA,NA,NA,NA,NA,NA,NA,NA,NA,NA,NA,NA,NA,NA,NA,NA,NA,NA,NA,NA,NA,NA,NA,6,5,1,One or more (1+)
23,6,Buhera,1,0,Adult Male and Adult Female (M&F),0,1,1,1,1,0,0,1,0,1,0,0,0,0,NA,0,0,0,0,1,0,1,0,Female,Chimombe,10,0,1,TAKUNDA,NA,NA,NA,NA,NA,NA,NA,NA,NA,NA,NA,NA,NA,NA,NA,NA,NA,NA,NA,NA,NA,NA,NA,NA,NA,NA,4,3,1,One or more (1+)
29,3,Zaka,1,0,Adult Female no Adult Male (FnM),0,0,1,1,0,0,0,0,0,1,0,0,0,0,NA,0,0,0,0,1,0,0,0,Female,Zishiri,30,1,1,TAKUNDA,NA,NA,NA,NA,NA,NA,NA,NA,NA,NA,NA,NA,NA,NA,NA,NA,NA,NA,NA,NA,NA,NA,NA,NA,NA,NA,2,2,1,One or more (1+)
18,2,Mutare,1,0,Adult Male and Adult Female (M&F),0,1,0,0,1,1,0,1,0,0,0,0,0,0,NA,0,0,0,0,1,0,0,1,Female,Mangezi,10,0,1,TAKUNDA,NA,NA,NA,NA,NA,NA,NA,NA,NA,NA,NA,NA,NA,NA,NA,NA,NA,NA,NA,NA,NA,NA,NA,NA,NA,NA,3,2,1,One or more (1+)
44,6,Buhera,0,1,Adult Male and Adult Female (M&F),0,1,0,0,0,0,0,1,1,1,0,0,1,0,NA,1,0,0,1,1,0,1,0,Female,Mangezi,18,1,1,TAKUNDA,NA,NA,NA,NA,NA,NA,NA,NA,NA,NA,NA,NA,NA,NA,NA,NA,NA,NA,NA,NA,NA,NA,NA,NA,NA,NA,1,6,1,One or more (1+)
23,1,Mutare,1,0,Adult Male and Adult Female (M&F),0,0,0,1,1,0,0,0,1,1,0,0,0,0,NA,0,1,0,0,1,0,1,0,Female,Ringayi village,12,1,1,TAKUNDA,NA,NA,NA,NA,NA,NA,NA,NA,NA,NA,NA,NA,NA,NA,NA,NA,NA,NA,NA,NA,NA,NA,NA,NA,NA,NA,2,4,1,One or more (1+)
26,1,Mutare,1,0,Adult Male and Adult Female (M&F),0,0,0,1,1,1,0,0,1,0,0,0,1,0,NA,0,1,0,0,1,0,0,0,Female,Ringayi,12,1,1,TAKUNDA,NA,NA,NA,NA,NA,NA,NA,NA,NA,NA,NA,NA,NA,NA,NA,NA,NA,NA,NA,NA,NA,NA,NA,NA,NA,NA,3,3,1,One or more (1+)
32,B,Chivi,0,1,Adult Male and Adult Female (M&F),0,0,1,1,1,0,0,1,1,0,0,0,1,0,NA,0,0,0,0,1,0,0,0,Female,Mavesere,14,1,1,TAKUNDA,NA,NA,NA,NA,NA,NA,NA,NA,NA,NA,NA,NA,NA,NA,NA,NA,NA,NA,NA,NA,NA,NA,NA,NA,NA,NA,3,2,1,One or more (1+)
29,9,Zaka,1,0,Adult Male and Adult Female (M&F),0,0,0,0,1,1,0,0,1,0,0,0,0,0,NA,0,0,1,0,0,0,0,1,Female,Munorwei,25,1,1,TAKUNDA,NA,NA,NA,NA,NA,NA,NA,NA,NA,NA,NA,NA,NA,NA,NA,NA,NA,NA,NA,NA,NA,NA,NA,NA,NA,NA,2,2,1,One or more (1+)
39,9,Zaka,0,1,Adult Male and Adult Female (M&F),0,0,0,0,0,1,0,0,1,0,0,0,0,0,NA,0,0,1,0,1,0,0,1,Female,Tukununu,25,1,1,TAKUNDA,NA,NA,NA,NA,NA,NA,NA,NA,NA,NA,NA,NA,NA,NA,NA,NA,NA,NA,NA,NA,NA,NA,NA,NA,NA,NA,1,3,1,One or more (1+)
30,9,Zaka,1,1,Adult Male and Adult Female (M&F),0,1,0,0,1,1,0,1,1,0,0,0,0,0,NA,0,0,1,0,1,0,0,1,Female,Runesu,25,1,1,TAKUNDA,NA,NA,NA,NA,NA,NA,NA,NA,NA,NA,NA,NA,NA,NA,NA,NA,NA,NA,NA,NA,NA,NA,NA,NA,NA,NA,3,3,1,One or more (1+)
33,9,Zaka,1,2,Adult Male and Adult Female (M&F),0,0,1,1,0,0,0,0,2,1,0,0,1,0,NA,0,0,1,0,0,0,0,1,Female,Tukununu,25,1,1,TAKUNDA,NA,NA,NA,NA,NA,NA,NA,NA,NA,NA,NA,NA,NA,NA,NA,NA,NA,NA,NA,NA,NA,NA,NA,NA,NA,NA,2,4,1,One or more (1+)
41,9,Zaka,1,1,Adult Male and Adult Female (M&F),0,0,0,1,1,0,0,2,1,0,0,0,0,0,NA,0,0,0,0,1,0,0,1,Female,Tukununu,25,1,1,TAKUNDA,NA,NA,NA,NA,NA,NA,NA,NA,NA,NA,NA,NA,NA,NA,NA,NA,NA,NA,NA,NA,NA,NA,NA,NA,NA,NA,2,2,1,One or more (1+)
24,4,Buhera,1,0,Adult Male and Adult Female (M&F),1,1,1,1,0,0,1,0,1,1,0,0,0,0,NA,0,0,0,0,0,0,0,0,Female,Mupfumi,11,1,1,TAKUNDA,NA,NA,NA,NA,NA,NA,NA,NA,NA,NA,NA,NA,NA,NA,NA,NA,NA,NA,NA,NA,NA,NA,NA,NA,NA,NA,5,1,1,One or more (1+)
26,3,Buhera,1,0,Adult Male and Adult Female (M&F),0,0,0,0,1,0,1,0,1,0,0,0,1,0,NA,0,0,0,0,0,0,0,0,Female,Mhizha,9,0,1,TAKUNDA,NA,NA,NA,NA,NA,NA,NA,NA,NA,NA,NA,NA,NA,NA,NA,NA,NA,NA,NA,NA,NA,NA,NA,NA,NA,NA,2,1,1,One or more (1+)
31,9,Zaka,0,1,Adult Male and Adult Female (M&F),1,0,1,1,1,0,0,0,1,1,0,0,0,0,NA,0,0,1,0,1,0,0,1,Female,Mbengo,25,1,1,TAKUNDA,NA,NA,NA,NA,NA,NA,NA,NA,NA,NA,NA,NA,NA,NA,NA,NA,NA,NA,NA,NA,NA,NA,NA,NA,NA,NA,4,4,1,One or more (1+)
31,9,Zaka,0,1,Adult Male and Adult Female (M&F),0,1,0,0,1,0,0,0,1,1,0,0,0,0,NA,0,0,1,0,1,0,0,1,Female,Runesu,25,1,1,TAKUNDA,NA,NA,NA,NA,NA,NA,NA,NA,NA,NA,NA,NA,NA,NA,NA,NA,NA,NA,NA,NA,NA,NA,NA,NA,NA,NA,2,4,1,One or more (1+)
39,9,Zaka,0,1,Adult Male and Adult Female (M&F),0,0,1,1,1,0,0,1,1,1,0,0,0,0,NA,0,0,1,0,1,0,0,1,Female,Munorwei,25,1,1,TAKUNDA,NA,NA,NA,NA,NA,NA,NA,NA,NA,NA,NA,NA,NA,NA,NA,NA,NA,NA,NA,NA,NA,NA,NA,NA,NA,NA,3,4,1,One or more (1+)
32,9,Zaka,0,1,Adult Male and Adult Female (M&F),1,0,0,1,0,0,1,0,1,1,0,0,0,0,NA,0,0,1,0,1,0,0,1,Female,Munorwei,25,1,1,TAKUNDA,NA,NA,NA,NA,NA,NA,NA,NA,NA,NA,NA,NA,NA,NA,NA,NA,NA,NA,NA,NA,NA,NA,NA,NA,NA,NA,3,4,1,One or more (1+)
28,4,Zaka,1,1,Adult Male and Adult Female (M&F),1,0,0,1,1,0,0,2,0,1,0,0,0,0,NA,0,0,1,0,1,0,0,0,Female,Munorwei,25,1,1,TAKUNDA,NA,NA,NA,NA,NA,NA,NA,NA,NA,NA,NA,NA,NA,NA,NA,NA,NA,NA,NA,NA,NA,NA,NA,NA,NA,NA,3,3,1,One or more (1+)
19,5,Zaka,2,1,Adult Female no Adult Male (FnM),0,1,1,0,1,0,0,0,0,1,0,0,0,0,NA,0,0,1,0,1,0,0,1,Female,Makamba,25,1,1,TAKUNDA,NA,NA,NA,NA,NA,NA,NA,NA,NA,NA,NA,NA,NA,NA,NA,NA,NA,NA,NA,NA,NA,NA,NA,NA,NA,NA,3,4,1,One or more (1+)
22,4,Buhera,1,0,Adult Male and Adult Female (M&F),0,1,1,0,1,0,1,1,0,0,0,0,0,0,NA,0,0,0,0,1,0,0,0,Female,Rukweza,11,1,1,TAKUNDA,NA,NA,NA,NA,NA,NA,NA,NA,NA,NA,NA,NA,NA,NA,NA,NA,NA,NA,NA,NA,NA,NA,NA,NA,NA,NA,4,1,1,One or more (1+)
28,4,Buhera,1,0,Adult Male and Adult Female (M&F),0,1,0,0,1,0,1,0,1,0,0,0,0,0,NA,0,0,0,0,1,0,0,0,Female,Rukweza,11,1,1,TAKUNDA,NA,NA,NA,NA,NA,NA,NA,NA,NA,NA,NA,NA,NA,NA,NA,NA,NA,NA,NA,NA,NA,NA,NA,NA,NA,NA,3,1,1,One or more (1+)
18,4,Buhera,1,0,Adult Male and Adult Female (M&F),0,0,0,0,1,0,0,1,0,1,NA,NA,NA,NA,NA,NA,NA,NA,NA,NA,NA,NA,NA,Female,Mupfumi,11,1,1,TAKUNDA,NA,NA,NA,NA,NA,NA,NA,NA,NA,NA,NA,NA,NA,NA,NA,NA,NA,NA,NA,NA,NA,NA,NA,NA,NA,NA,1,1,1,One or more (1+)
29,9,Zaka,1,0,Adult Male and Adult Female (M&F),0,1,1,0,1,0,0,0,1,1,0,0,0,0,NA,0,0,1,0,0,0,0,1,Female,Chigaro,25,1,1,TAKUNDA,NA,NA,NA,NA,NA,NA,NA,NA,NA,NA,NA,NA,NA,NA,NA,NA,NA,NA,NA,NA,NA,NA,NA,NA,NA,NA,3,3,1,One or more (1+)
43,4,Buhera,0,1,Adult Male and Adult Female (M&F),1,0,0,0,1,0,0,1,1,1,0,0,0,0,NA,0,0,0,0,1,0,1,0,Female,Rukweza,11,1,1,TAKUNDA,NA,NA,NA,NA,NA,NA,NA,NA,NA,NA,NA,NA,NA,NA,NA,NA,NA,NA,NA,NA,NA,NA,NA,NA,NA,NA,2,3,1,One or more (1+)
19,1,Mutare,1,1,Adult Male and Adult Female (M&F),1,0,1,1,1,0,0,0,1,0,0,0,0,0,NA,0,0,1,0,1,0,0,1,Female,Ringai,12,1,1,TAKUNDA,NA,NA,NA,NA,NA,NA,NA,NA,NA,NA,NA,NA,NA,NA,NA,NA,NA,NA,NA,NA,NA,NA,NA,NA,NA,NA,4,3,1,One or more (1+)
22,4,Buhera,1,0,Adult Male and Adult Female (M&F),1,1,0,0,0,1,0,2,0,0,0,0,0,0,NA,0,0,0,0,1,0,0,0,Female,Gutu,9,0,1,TAKUNDA,NA,NA,NA,NA,NA,NA,NA,NA,NA,NA,NA,NA,NA,NA,NA,NA,NA,NA,NA,NA,NA,NA,NA,NA,NA,NA,3,1,1,One or more (1+)
28,4,Buhera,1,0,Adult Male and Adult Female (M&F),0,1,0,0,0,1,0,1,0,0,0,0,0,0,NA,0,0,0,0,1,0,0,0,Female,Gutu,9,0,1,TAKUNDA,NA,NA,NA,NA,NA,NA,NA,NA,NA,NA,NA,NA,NA,NA,NA,NA,NA,NA,NA,NA,NA,NA,NA,NA,NA,NA,2,1,1,One or more (1+)
30,4,Buhera,1,1,Adult Male and Adult Female (M&F),0,1,1,0,1,0,0,0,1,0,0,0,0,0,NA,0,0,0,0,1,0,0,0,Female,Gutu,9,0,1,TAKUNDA,NA,NA,NA,NA,NA,NA,NA,NA,NA,NA,NA,NA,NA,NA,NA,NA,NA,NA,NA,NA,NA,NA,NA,NA,NA,NA,3,1,1,One or more (1+)
34,3,Buhera,1,1,Adult Male and Adult Female (M&F),0,1,1,1,1,1,1,0,1,0,0,0,1,0,NA,0,0,0,0,0,0,1,0,Female,Mhizha,8,0,1,TAKUNDA,NA,NA,NA,NA,NA,NA,NA,NA,NA,NA,NA,NA,NA,NA,NA,NA,NA,NA,NA,NA,NA,NA,NA,NA,NA,NA,6,2,1,One or more (1+)
32,4,Buhera,0,1,Adult Male and Adult Female (M&F),0,1,1,1,1,1,0,0,1,0,0,0,1,0,NA,0,0,0,0,0,0,0,0,Female,Rukweza,11,1,1,TAKUNDA,NA,NA,NA,NA,NA,NA,NA,NA,NA,NA,NA,NA,NA,NA,NA,NA,NA,NA,NA,NA,NA,NA,NA,NA,NA,NA,5,1,1,One or more (1+)
23,4,Buhera,1,1,Adult Male and Adult Female (M&F),0,1,0,0,1,0,0,0,1,1,0,0,0,0,NA,0,0,0,1,1,0,0,0,Female,Rukweza,11,1,1,TAKUNDA,NA,NA,NA,NA,NA,NA,NA,NA,NA,NA,NA,NA,NA,NA,NA,NA,NA,NA,NA,NA,NA,NA,NA,NA,NA,NA,2,3,1,One or more (1+)
22,4,Buhera,1,0,Adult Male and Adult Female (M&F),1,0,0,1,1,1,0,0,1,0,0,0,0,0,NA,0,0,0,0,1,0,0,0,Female,Mupfumi,11,1,1,TAKUNDA,NA,NA,NA,NA,NA,NA,NA,NA,NA,NA,NA,NA,NA,NA,NA,NA,NA,NA,NA,NA,NA,NA,NA,NA,NA,NA,4,1,1,One or more (1+)
22,4,Buhera,1,1,Adult Male and Adult Female (M&F),0,1,0,1,1,1,0,0,1,1,0,0,0,0,NA,0,0,0,0,1,0,0,0,Female,Rukweza,11,1,1,TAKUNDA,NA,NA,NA,NA,NA,NA,NA,NA,NA,NA,NA,NA,NA,NA,NA,NA,NA,NA,NA,NA,NA,NA,NA,NA,NA,NA,4,2,1,One or more (1+)
21,4,Buhera,1,0,Adult Male and Adult Female (M&F),0,0,1,0,1,0,0,2,0,1,0,0,0,0,NA,0,0,0,0,1,0,0,0,Female,Rukweza,11,1,1,TAKUNDA,NA,NA,NA,NA,NA,NA,NA,NA,NA,NA,NA,NA,NA,NA,NA,NA,NA,NA,NA,NA,NA,NA,NA,NA,NA,NA,2,2,1,One or more (1+)
67,3,Buhera,0,3,Adult Male and Adult Female (M&F),0,0,1,1,1,0,0,0,0,0,0,0,1,0,NA,0,0,0,0,0,0,1,1,Female,Mhizha,9,0,1,TAKUNDA,NA,NA,NA,NA,NA,NA,NA,NA,NA,NA,NA,NA,NA,NA,NA,NA,NA,NA,NA,NA,NA,NA,NA,NA,NA,NA,3,3,1,One or more (1+)
39,3,Buhera,1,1,Adult Male and Adult Female (M&F),0,1,1,1,1,0,0,0,1,1,0,0,1,0,NA,0,0,0,0,0,0,1,0,Female,Zvidza,9,0,1,TAKUNDA,NA,NA,NA,NA,NA,NA,NA,NA,NA,NA,NA,NA,NA,NA,NA,NA,NA,NA,NA,NA,NA,NA,NA,NA,NA,NA,4,3,1,One or more (1+)
37,5,Zaka,1,1,Adult Male and Adult Female (M&F),0,1,1,1,1,1,0,0,1,1,0,0,0,0,NA,0,0,0,0,1,0,0,0,Female,Janga,20,0,1,TAKUNDA,NA,NA,NA,NA,NA,NA,NA,NA,NA,NA,NA,NA,NA,NA,NA,NA,NA,NA,NA,NA,NA,NA,NA,NA,NA,NA,5,2,1,One or more (1+)
36,5,Zaka,1,0,Adult Male and Adult Female (M&F),0,1,1,0,1,0,0,1,1,1,0,0,0,0,NA,0,0,0,0,1,0,0,0,Female,Janga,20,0,1,TAKUNDA,NA,NA,NA,NA,NA,NA,NA,NA,NA,NA,NA,NA,NA,NA,NA,NA,NA,NA,NA,NA,NA,NA,NA,NA,NA,NA,3,2,1,One or more (1+)
23,9,Zaka,1,1,Adult Male and Adult Female (M&F),0,1,0,0,1,1,0,0,1,1,0,0,0,0,NA,0,0,0,0,1,0,0,0,Female,Mbengo,25,1,1,TAKUNDA,NA,NA,NA,NA,NA,NA,NA,NA,NA,NA,NA,NA,NA,NA,NA,NA,NA,NA,NA,NA,NA,NA,NA,NA,NA,NA,3,2,1,One or more (1+)
32,9,Zaka,0,1,Adult Male and Adult Female (M&F),0,1,1,0,1,1,1,0,1,1,0,0,0,0,NA,0,0,0,0,0,0,1,0,Female,Runesu,25,1,1,TAKUNDA,NA,NA,NA,NA,NA,NA,NA,NA,NA,NA,NA,NA,NA,NA,NA,NA,NA,NA,NA,NA,NA,NA,NA,NA,NA,NA,5,2,1,One or more (1+)
25,5,Zaka,1,1,Adult Male and Adult Female (M&F),0,1,1,1,1,1,1,0,1,1,0,0,0,0,NA,0,0,0,0,1,0,0,0,Female,Makamba,25,1,1,TAKUNDA,NA,NA,NA,NA,NA,NA,NA,NA,NA,NA,NA,NA,NA,NA,NA,NA,NA,NA,NA,NA,NA,NA,NA,NA,NA,NA,6,2,1,One or more (1+)
31,5,Zaka,0,1,Adult Male and Adult Female (M&F),0,1,0,1,0,1,1,0,1,1,0,0,0,0,NA,0,0,0,0,1,0,1,1,Female,Makamba,25,1,1,TAKUNDA,NA,NA,NA,NA,NA,NA,NA,NA,NA,NA,NA,NA,NA,NA,NA,NA,NA,NA,NA,NA,NA,NA,NA,NA,NA,NA,4,4,1,One or more (1+)
19,5,Zaka,2,1,Adult Female no Adult Male (FnM),0,0,0,0,1,0,0,0,0,0,0,0,0,0,NA,0,0,0,0,1,0,0,0,Female,Janga,20,0,1,TAKUNDA,NA,NA,NA,NA,NA,NA,NA,NA,NA,NA,NA,NA,NA,NA,NA,NA,NA,NA,NA,NA,NA,NA,NA,NA,NA,NA,1,1,1,One or more (1+)
16,5,Zaka,1,1,Adult Male and Adult Female (M&F),0,0,0,0,1,0,0,1,3,0,0,0,0,0,NA,0,0,0,0,1,0,0,0,Female,Janga,20,0,1,TAKUNDA,NA,NA,NA,NA,NA,NA,NA,NA,NA,NA,NA,NA,NA,NA,NA,NA,NA,NA,NA,NA,NA,NA,NA,NA,NA,NA,1,1,1,One or more (1+)
42,1,Mutare,2,1,Adult Male and Adult Female (M&F),0,0,1,0,0,0,0,0,1,0,0,0,0,0,NA,0,1,0,0,0,0,1,0,Female,Rangayi,12,1,1,TAKUNDA,NA,NA,NA,NA,NA,NA,NA,NA,NA,NA,NA,NA,NA,NA,NA,NA,NA,NA,NA,NA,NA,NA,NA,NA,NA,NA,1,2,1,One or more (1+)
35,1,Mutare,0,1,Adult Male and Adult Female (M&F),0,0,0,1,0,0,0,0,1,0,0,0,0,0,NA,0,1,0,0,1,0,0,0,Female,Ringai,12,1,1,TAKUNDA,NA,NA,NA,NA,NA,NA,NA,NA,NA,NA,NA,NA,NA,NA,NA,NA,NA,NA,NA,NA,NA,NA,NA,NA,NA,NA,1,2,1,One or more (1+)
42,1,Mutare,0,1,Adult Male and Adult Female (M&F),0,0,0,0,0,1,1,2,1,1,0,0,0,0,NA,0,0,0,0,0,0,0,0,Female,Rinyayi,12,1,1,TAKUNDA,NA,NA,NA,NA,NA,NA,NA,NA,NA,NA,NA,NA,NA,NA,NA,NA,NA,NA,NA,NA,NA,NA,NA,NA,NA,NA,2,1,1,One or more (1+)
35,1,Mutare,0,1,Adult Male and Adult Female (M&F),0,0,0,0,0,0,0,0,1,1,0,0,0,0,NA,0,0,0,0,0,0,0,0,Female,Ringayi,12,1,1,TAKUNDA,NA,NA,NA,NA,NA,NA,NA,NA,NA,NA,NA,NA,NA,NA,NA,NA,NA,NA,NA,NA,NA,NA,NA,NA,NA,NA,0,1,1,Zero (0)
39,1,Mutare,3,1,Adult Male and Adult Female (M&F),0,1,1,1,1,0,0,0,1,1,0,0,1,0,NA,0,0,0,1,1,0,1,0,Female,Ringai,12,1,1,TAKUNDA,NA,NA,NA,NA,NA,NA,NA,NA,NA,NA,NA,NA,NA,NA,NA,NA,NA,NA,NA,NA,NA,NA,NA,NA,NA,NA,4,5,1,One or more (1+)
20,1,Mutare,2,0,Adult Female no Adult Male (FnM),1,1,1,1,1,1,1,0,0,0,0,0,0,0,NA,0,0,0,0,1,0,0,0,Female,Ringayi,12,1,1,TAKUNDA,NA,NA,NA,NA,NA,NA,NA,NA,NA,NA,NA,NA,NA,NA,NA,NA,NA,NA,NA,NA,NA,NA,NA,NA,NA,NA,7,1,1,One or more (1+)
52,C,Chivi,1,1,Adult Male and Adult Female (M&F),1,0,0,1,1,1,1,1,1,0,0,0,1,0,NA,0,0,1,0,0,0,0,0,Female,Zivurawa,19,1,1,TAKUNDA,NA,NA,NA,NA,NA,NA,NA,NA,NA,NA,NA,NA,NA,NA,NA,NA,NA,NA,NA,NA,NA,NA,NA,NA,NA,NA,5,2,1,One or more (1+)
49,C,Chivi,0,1,Adult Male and Adult Female (M&F),0,0,0,1,0,1,1,2,1,0,0,0,0,0,NA,0,0,0,0,0,0,1,0,Female,Chididi,19,1,1,TAKUNDA,NA,NA,NA,NA,NA,NA,NA,NA,NA,NA,NA,NA,NA,NA,NA,NA,NA,NA,NA,NA,NA,NA,NA,NA,NA,NA,3,1,1,One or more (1+)
48,C,Chivi,1,1,Adult Male and Adult Female (M&F),1,0,1,1,0,1,1,2,1,0,0,0,1,0,NA,0,0,0,0,0,0,1,0,Female,Chididi,19,1,1,TAKUNDA,NA,NA,NA,NA,NA,NA,NA,NA,NA,NA,NA,NA,NA,NA,NA,NA,NA,NA,NA,NA,NA,NA,NA,NA,NA,NA,5,2,1,One or more (1+)
65,C,Chivi,2,1,Adult Male and Adult Female (M&F),0,0,1,0,1,1,0,0,2,0,0,0,1,0,NA,0,0,0,0,0,0,1,0,Female,Chipande,19,1,1,TAKUNDA,NA,NA,NA,NA,NA,NA,NA,NA,NA,NA,NA,NA,NA,NA,NA,NA,NA,NA,NA,NA,NA,NA,NA,NA,NA,NA,3,2,1,One or more (1+)
24,1,Zaka,1,1,Adult Male and Adult Female (M&F),0,1,0,0,0,1,1,0,2,1,0,1,0,1,NA,0,0,1,0,1,0,0,0,Female,Virimai,17,0,1,TAKUNDA,NA,NA,NA,NA,NA,NA,NA,NA,NA,NA,NA,NA,NA,NA,NA,NA,NA,NA,NA,NA,NA,NA,NA,NA,NA,NA,3,5,1,One or more (1+)
26,5,Zaka,1,0,Adult Male and Adult Female (M&F),0,0,0,1,0,0,0,0,1,0,0,0,0,0,NA,0,0,1,0,0,0,0,0,Female,Machaya,34,0,1,TAKUNDA,NA,NA,NA,NA,NA,NA,NA,NA,NA,NA,NA,NA,NA,NA,NA,NA,NA,NA,NA,NA,NA,NA,NA,NA,NA,NA,1,1,1,One or more (1+)
41,5,Zaka,0,1,Adult Male and Adult Female (M&F),0,0,0,1,0,0,0,1,1,0,0,0,0,0,NA,0,0,1,0,0,0,0,0,Female,Machaya,34,0,1,TAKUNDA,NA,NA,NA,NA,NA,NA,NA,NA,NA,NA,NA,NA,NA,NA,NA,NA,NA,NA,NA,NA,NA,NA,NA,NA,NA,NA,1,1,1,One or more (1+)
33,5,Zaka,0,1,Adult Female no Adult Male (FnM),0,1,1,0,1,0,0,1,0,0,0,0,0,0,NA,0,0,1,0,0,0,0,1,Female,Machaya,34,1,1,TAKUNDA,NA,NA,NA,NA,NA,NA,NA,NA,NA,NA,NA,NA,NA,NA,NA,NA,NA,NA,NA,NA,NA,NA,NA,NA,NA,NA,3,2,1,One or more (1+)
28,5,Zaka,1,0,Adult Male and Adult Female (M&F),0,1,0,1,1,0,1,0,1,0,0,0,0,0,NA,0,0,1,0,1,0,0,1,Female,Mukozho,34,0,1,TAKUNDA,NA,NA,NA,NA,NA,NA,NA,NA,NA,NA,NA,NA,NA,NA,NA,NA,NA,NA,NA,NA,NA,NA,NA,NA,NA,NA,4,3,1,One or more (1+)
39,5,Zaka,1,1,Adult Male and Adult Female (M&F),1,1,0,0,1,0,1,1,0,0,0,0,0,0,NA,0,0,1,0,1,0,0,1,Female,Mukozho,34,0,1,TAKUNDA,NA,NA,NA,NA,NA,NA,NA,NA,NA,NA,NA,NA,NA,NA,NA,NA,NA,NA,NA,NA,NA,NA,NA,NA,NA,NA,4,3,1,One or more (1+)
32,5,Zaka,0,1,Adult Male and Adult Female (M&F),1,0,0,1,0,1,0,0,1,0,0,0,0,0,NA,0,0,1,0,0,0,0,1,Female,Matekwe,34,1,1,TAKUNDA,NA,NA,NA,NA,NA,NA,NA,NA,NA,NA,NA,NA,NA,NA,NA,NA,NA,NA,NA,NA,NA,NA,NA,NA,NA,NA,3,2,1,One or more (1+)
29,9,Zaka,1,0,Adult Male and Adult Female (M&F),0,1,0,0,1,0,0,0,1,1,0,0,0,0,NA,0,0,0,0,1,0,0,0,Female,Chigaro,25,1,1,TAKUNDA,NA,NA,NA,NA,NA,NA,NA,NA,NA,NA,NA,NA,NA,NA,NA,NA,NA,NA,NA,NA,NA,NA,NA,NA,NA,NA,2,2,1,One or more (1+)
48,4,Mutare,2,1,Adult Male and Adult Female (M&F),0,0,0,1,0,0,1,0,1,0,0,0,0,0,NA,0,1,0,0,1,0,1,0,Female,Torera,16,1,1,TAKUNDA,NA,NA,NA,NA,NA,NA,NA,NA,NA,NA,NA,NA,NA,NA,NA,NA,NA,NA,NA,NA,NA,NA,NA,NA,NA,NA,2,3,1,One or more (1+)
22,Barure,Chivi,1,0,Adult Male and Adult Female (M&F),0,0,1,0,1,1,1,1,0,1,0,0,1,0,NA,0,0,0,0,0,0,0,0,Female,Mangwana,12,0,1,TAKUNDA,NA,NA,NA,NA,NA,NA,NA,NA,NA,NA,NA,NA,NA,NA,NA,NA,NA,NA,NA,NA,NA,NA,NA,NA,NA,NA,4,2,1,One or more (1+)
72,A,Chivi,1,1,Adult Male and Adult Female (M&F),0,1,1,0,0,1,0,1,0,0,0,0,1,0,NA,0,0,0,0,0,0,0,0,Female,Muganyi,12,0,1,TAKUNDA,NA,NA,NA,NA,NA,NA,NA,NA,NA,NA,NA,NA,NA,NA,NA,NA,NA,NA,NA,NA,NA,NA,NA,NA,NA,NA,3,1,1,One or more (1+)
24,5,Zaka,4,2,Adult Female no Adult Male (FnM),1,1,0,0,1,1,0,0,0,1,0,0,0,0,NA,0,0,1,0,0,0,0,1,Female,Chivamba,28,1,1,TAKUNDA,NA,NA,NA,NA,NA,NA,NA,NA,NA,NA,NA,NA,NA,NA,NA,NA,NA,NA,NA,NA,NA,NA,NA,NA,NA,NA,4,3,1,One or more (1+)
35,5,Zaka,0,1,Adult Male and Adult Female (M&F),NA,NA,NA,NA,NA,NA,NA,0,1,1,0,0,0,0,NA,0,0,0,0,0,0,0,0,Female,Chivamba,28,0,1,TAKUNDA,NA,NA,NA,NA,NA,NA,NA,NA,NA,NA,NA,NA,NA,NA,NA,NA,NA,NA,NA,NA,NA,NA,NA,NA,NA,NA,0,1,1,Zero (0)
32,5,Zaka,0,1,Adult Male and Adult Female (M&F),0,1,0,1,1,0,0,0,1,0,0,0,0,0,NA,0,0,0,0,1,0,0,0,Female,Matare,28,0,1,TAKUNDA,NA,NA,NA,NA,NA,NA,NA,NA,NA,NA,NA,NA,NA,NA,NA,NA,NA,NA,NA,NA,NA,NA,NA,NA,NA,NA,3,1,1,One or more (1+)
31,5,Zaka,0,3,Adult Male and Adult Female (M&F),0,0,0,1,0,0,0,0,2,1,0,0,0,0,NA,0,0,0,0,0,0,0,0,Female,Matare,28,0,1,TAKUNDA,NA,NA,NA,NA,NA,NA,NA,NA,NA,NA,NA,NA,NA,NA,NA,NA,NA,NA,NA,NA,NA,NA,NA,NA,NA,NA,1,1,1,One or more (1+)
20,4,Zaka,1,1,Adult Male and Adult Female (M&F),0,1,0,1,1,0,1,2,1,1,0,0,0,0,NA,0,0,1,0,1,0,0,1,Female,Mahike,28,0,1,TAKUNDA,NA,NA,NA,NA,NA,NA,NA,NA,NA,NA,NA,NA,NA,NA,NA,NA,NA,NA,NA,NA,NA,NA,NA,NA,NA,NA,4,4,1,One or more (1+)
44,2,Zaka,0,1,Adult Male and Adult Female (M&F),0,0,0,1,0,0,0,3,1,1,0,0,0,0,NA,0,0,0,0,0,0,1,1,Female,Njaya,28,0,1,TAKUNDA,NA,NA,NA,NA,NA,NA,NA,NA,NA,NA,NA,NA,NA,NA,NA,NA,NA,NA,NA,NA,NA,NA,NA,NA,NA,NA,1,3,1,One or more (1+)
21,2,Zaka,2,3,Adult Male and Adult Female (M&F),0,1,1,0,1,0,0,1,0,0,0,0,0,0,NA,0,0,1,0,1,0,0,1,Female,Tevera,28,1,1,TAKUNDA,NA,NA,NA,NA,NA,NA,NA,NA,NA,NA,NA,NA,NA,NA,NA,NA,NA,NA,NA,NA,NA,NA,NA,NA,NA,NA,3,3,1,One or more (1+)
42,5,Zaka,0,1,Adult Male and Adult Female (M&F),0,1,1,0,1,0,0,1,1,1,0,1,0,0,NA,1,0,1,0,0,0,0,0,Female,Chivamba,28,1,1,TAKUNDA,NA,NA,NA,NA,NA,NA,NA,NA,NA,NA,NA,NA,NA,NA,NA,NA,NA,NA,NA,NA,NA,NA,NA,NA,NA,NA,3,4,1,One or more (1+)
42,5,Buhera,1,1,Adult Male and Adult Female (M&F),0,1,1,1,1,0,0,1,1,1,0,0,0,0,NA,0,0,0,0,0,0,1,1,Female,Mubvunzi,10,0,1,TAKUNDA,NA,NA,NA,NA,NA,NA,NA,NA,NA,NA,NA,NA,NA,NA,NA,NA,NA,NA,NA,NA,NA,NA,NA,NA,NA,NA,4,3,1,One or more (1+)
18,5,Buhera,3,1,Adult Male and Adult Female (M&F),1,1,0,1,1,1,0,2,0,0,0,0,0,0,NA,0,0,0,0,1,0,0,0,Female,Marukutira,10,0,1,TAKUNDA,NA,NA,NA,NA,NA,NA,NA,NA,NA,NA,NA,NA,NA,NA,NA,NA,NA,NA,NA,NA,NA,NA,NA,NA,NA,NA,5,1,1,One or more (1+)
19,1,Mutare,1,0,Adult Male and Adult Female (M&F),0,1,0,1,1,0,1,1,0,0,0,0,1,0,NA,0,1,0,0,1,0,0,1,Female,Chapeyama,14,0,1,TAKUNDA,NA,NA,NA,NA,NA,NA,NA,NA,NA,NA,NA,NA,NA,NA,NA,NA,NA,NA,NA,NA,NA,NA,NA,NA,NA,NA,4,4,1,One or more (1+)
32,1,Mutare,1,1,Adult Male and Adult Female (M&F),1,1,0,1,1,1,1,1,1,0,0,0,1,0,NA,0,0,0,1,1,0,1,1,Female,Chapeyama,14,0,1,TAKUNDA,NA,NA,NA,NA,NA,NA,NA,NA,NA,NA,NA,NA,NA,NA,NA,NA,NA,NA,NA,NA,NA,NA,NA,NA,NA,NA,6,5,1,One or more (1+)
30,BAMUSI,MANGOCHI,0,1,Adult Female no Adult Male (FnM),NA,0,NA,0,0,0,NA,0,0,0,1,1,NA,NA,NA,1,NA,NA,1,NA,NA,1,0,Female,BAMUSI,CHILIPA,NA,NA,TITUKULANE,FALSE,FALSE,FALSE,1,0,1,1,1,1,1,1,1,1,1,1,NA,NA,TRUE,NA,NA,TRUE,NA,NA,NA,NA,Health and Nutrition,0,16,1,Zero (0)
28,BAMUSI,MANGOCHI,1,0,Adult Female no Adult Male (FnM),NA,0,NA,0,0,0,NA,0,0,0,1,1,NA,NA,NA,1,NA,NA,1,NA,NA,1,1,Female,BAMUSI,CHILIPA,NA,NA,TITUKULANE,FALSE,TRUE,TRUE,1,0,1,1,1,1,1,1,1,1,1,0,NA,TRUE,NA,NA,NA,NA,NA,NA,NA,NA,Health and Nutrition,2,16,1,One or more (1+)
42,MSONTHE,MANGOCHI,1,1,Adult Male and Adult Female (M&F),NA,0,NA,0,0,0,NA,2,1,0,1,1,NA,NA,NA,1,NA,NA,1,NA,NA,1,1,Female,MAKWINJA,CHILIPA,NA,NA,TITUKULANE,FALSE,FALSE,FALSE,1,1,1,0,1,1,1,1,1,1,1,1,NA,NA,NA,TRUE,NA,NA,TRUE,NA,NA,TRUE,Health and Nutrition,0,17,1,Zero (0)
23,CHIPANDE,ZOMBA,1,0,Adult Male and Adult Female (M&F),NA,0,NA,0,0,0,NA,1,1,1,1,1,NA,NA,NA,1,NA,NA,1,NA,NA,1,0,Female,CHIPANDE,CHIKOWI,NA,NA,TITUKULANE,FALSE,FALSE,FALSE,0,1,1,1,1,1,1,1,1,1,0,1,NA,NA,TRUE,NA,NA,NA,NA,NA,NA,NA,Health and Nutrition,0,16,1,Zero (0)
36,BAMUSI,MANGOCHI,1,1,Adult Female no Adult Male (FnM),NA,0,NA,0,0,0,NA,0,0,0,0,1,NA,NA,NA,1,NA,NA,0,NA,NA,0,0,Female,BAMUSI,CHILIPA,NA,NA,TITUKULANE,FALSE,FALSE,FALSE,1,1,1,1,0,1,1,1,1,1,0,0,TRUE,NA,TRUE,NA,NA,NA,NA,NA,NA,NA,Health and Nutrition,0,11,1,Zero (0)
43,BAMUSI,MANGOCHI,1,1,Adult Male and Adult Female (M&F),NA,0,NA,0,0,0,NA,1,1,0,0,0,NA,NA,NA,0,NA,NA,0,NA,NA,0,0,Male,BAMUSI,CHILIPA,NA,NA,TITUKULANE,FALSE,FALSE,FALSE,1,1,1,1,1,0,1,1,1,1,0,1,TRUE,TRUE,TRUE,NA,NA,NA,NA,NA,NA,NA,Health and Nutrition,0,10,1,Zero (0)
26,BAMUSI,MANGOCHI,1,0,Adult Male and Adult Female (M&F),NA,0,NA,0,0,0,NA,0,1,0,0,1,NA,NA,NA,1,NA,NA,0,NA,NA,0,0,Female,MIKA,CHILIPA,NA,NA,TITUKULANE,FALSE,FALSE,FALSE,1,1,1,1,1,1,1,1,1,1,1,1,TRUE,NA,TRUE,NA,NA,TRUE,NA,NA,NA,TRUE,Health and Nutrition,0,14,1,Zero (0)
32,BAMUSI,MANGOCHI,0,1,Adult Male and Adult Female (M&F),NA,0,NA,0,0,0,NA,0,1,0,1,1,NA,NA,NA,1,NA,NA,0,NA,NA,0,1,Female,MIKA,CHILIPA,NA,NA,TITUKULANE,FALSE,FALSE,FALSE,0,1,1,1,1,0,1,1,0,0,1,1,TRUE,NA,TRUE,NA,NA,TRUE,TRUE,TRUE,NA,TRUE,Health and Nutrition,0,12,1,Zero (0)
34,MSONTHE,MANGOCHI,0,1,Adult Male and Adult Female (M&F),NA,0,NA,0,0,0,NA,0,1,0,0,0,NA,NA,NA,0,NA,NA,0,NA,NA,0,0,Female,BWANALI,CHILIPA,NA,NA,TITUKULANE,FALSE,FALSE,FALSE,1,1,1,1,0,0,0,1,1,1,1,0,TRUE,NA,TRUE,TRUE,NA,TRUE,TRUE,TRUE,NA,TRUE,Health and Nutrition,0,8,1,Zero (0)
36,CHIPANDE,ZOMBA,0,1,Adult Female no Adult Male (FnM),NA,0,NA,0,0,1,NA,0,0,0,1,1,NA,NA,NA,1,NA,NA,1,NA,NA,1,0,Female,CHIPANDE,CHIKOWI,NA,NA,TITUKULANE,FALSE,FALSE,FALSE,1,1,1,1,1,1,1,1,1,1,1,1,TRUE,NA,TRUE,NA,NA,NA,NA,NA,NA,TRUE,Health and Nutrition,1,17,1,One or more (1+)
25,BAMUSI,MANGOCHI,1,0,Adult Male and Adult Female (M&F),NA,0,NA,0,0,0,NA,1,0,0,0,1,NA,NA,NA,1,NA,NA,1,NA,NA,0,1,Female,BAMUSI,CHILIPA,NA,NA,TITUKULANE,FALSE,FALSE,FALSE,1,1,1,1,1,1,1,1,1,1,1,1,TRUE,TRUE,NA,TRUE,NA,TRUE,NA,NA,NA,NA,Health and Nutrition,0,16,1,Zero (0)
21,MSONTHE,MANGOCHI,1,1,Adult Male and Adult Female (M&F),NA,0,NA,0,1,1,NA,1,1,1,0,1,NA,NA,NA,1,NA,NA,0,NA,NA,0,0,Female,MAKWINJA,CHILIPA,NA,NA,TITUKULANE,FALSE,FALSE,FALSE,1,1,1,1,0,1,1,1,1,1,0,1,TRUE,NA,NA,TRUE,NA,TRUE,TRUE,NA,NA,NA,Health and Nutrition,2,13,1,One or more (1+)
33,BAMUSI,MANGOCHI,1,1,Adult Male and Adult Female (M&F),NA,0,NA,0,0,0,NA,1,1,0,0,1,NA,NA,NA,0,NA,NA,1,NA,NA,1,0,Female,BAMUSI,CHILIPA,NA,NA,TITUKULANE,FALSE,FALSE,FALSE,1,1,1,0,0,1,1,1,1,1,1,0,TRUE,TRUE,NA,TRUE,NA,TRUE,TRUE,NA,NA,TRUE,Health and Nutrition,0,12,1,Zero (0)
28,MSONTHE,MANGOCHI,1,0,Adult Male and Adult Female (M&F),NA,0,NA,0,0,0,NA,0,1,0,0,0,NA,NA,NA,0,NA,NA,0,NA,NA,0,0,Female,BWANALI,CHILIPA,NA,NA,TITUKULANE,FALSE,FALSE,FALSE,1,1,0,0,0,1,1,1,1,1,0,0,TRUE,TRUE,NA,TRUE,NA,TRUE,TRUE,TRUE,NA,TRUE,Health and Nutrition,0,7,1,Zero (0)
39,BAMUSI,MANGOCHI,1,1,Adult Male and Adult Female (M&F),NA,0,NA,0,0,0,NA,3,1,0,1,1,NA,NA,NA,1,NA,NA,1,NA,NA,1,1,Female,MIKA,CHILIPA,NA,NA,TITUKULANE,FALSE,FALSE,FALSE,1,1,1,1,1,1,1,1,1,1,1,1,TRUE,NA,TRUE,NA,NA,NA,NA,NA,TRUE,TRUE,Health and Nutrition,0,18,1,Zero (0)
35,MSONTHE,MANGOCHI,2,1,Adult Male and Adult Female (M&F),NA,0,NA,0,0,0,NA,1,1,0,1,1,NA,NA,NA,1,NA,NA,1,NA,NA,1,1,Female,JALAKASI,CHILIPA,NA,NA,TITUKULANE,FALSE,FALSE,FALSE,1,1,1,1,1,1,1,1,1,1,1,1,TRUE,NA,TRUE,TRUE,NA,NA,TRUE,NA,NA,TRUE,Health and Nutrition,0,18,1,Zero (0)
31,BAMUSI,MANGOCHI,1,1,Adult Male and Adult Female (M&F),NA,0,NA,0,0,0,NA,0,1,0,0,1,NA,NA,NA,1,NA,NA,0,NA,NA,0,0,Female,BAMUSI,CHILIPA,NA,NA,TITUKULANE,FALSE,FALSE,FALSE,1,1,0,0,0,1,1,1,1,1,0,1,TRUE,TRUE,TRUE,TRUE,NA,NA,NA,NA,NA,NA,Health and Nutrition,0,10,1,Zero (0)
42,MSONTHE,MANGOCHI,1,1,Adult Female no Adult Male (FnM),NA,0,NA,0,0,0,NA,0,0,0,1,1,NA,NA,NA,0,NA,NA,0,NA,NA,0,0,Female,MAKWINJA,CHILIPA,NA,NA,TITUKULANE,FALSE,FALSE,FALSE,1,1,1,0,0,1,1,1,1,1,1,1,NA,NA,TRUE,NA,NA,NA,NA,NA,NA,NA,Health and Nutrition,0,12,1,Zero (0)
35,BAMUSI,MANGOCHI,0,1,Adult Male and Adult Female (M&F),NA,0,NA,0,0,0,NA,0,1,0,1,1,NA,NA,NA,0,NA,NA,1,NA,NA,0,0,Female,BAMUSI,CHILIPA,NA,NA,TITUKULANE,FALSE,FALSE,FALSE,1,1,0,1,0,1,1,1,1,1,1,1,TRUE,NA,TRUE,NA,NA,NA,NA,NA,NA,NA,Health and Nutrition,0,13,1,Zero (0)
32,MSONTHE,MANGOCHI,0,1,Adult Female no Adult Male (FnM),NA,0,NA,0,0,1,NA,0,0,0,0,1,NA,NA,NA,1,NA,NA,0,NA,NA,0,0,Female,MAKWINJA,CHILIPA,NA,NA,TITUKULANE,FALSE,FALSE,FALSE,0,1,1,1,1,1,1,1,1,1,1,1,NA,NA,TRUE,NA,NA,NA,NA,NA,NA,NA,Health and Nutrition,1,13,1,One or more (1+)
32,CHIPANDE,ZOMBA,0,1,Adult Male and Adult Female (M&F),NA,0,NA,0,0,0,NA,0,1,0,1,1,NA,NA,NA,1,NA,NA,1,NA,NA,1,1,Female,CHIPANDE,CHIKOWI,NA,NA,TITUKULANE,FALSE,FALSE,FALSE,1,1,1,1,1,1,1,1,1,1,1,1,NA,NA,TRUE,NA,NA,NA,NA,NA,NA,NA,Health and Nutrition,0,18,1,Zero (0)
32,CHIPANDE,ZOMBA,1,1,Adult Male and Adult Female (M&F),NA,0,NA,0,0,0,NA,0,1,0,1,1,NA,NA,NA,1,NA,NA,0,NA,NA,0,0,Female,CHIPANDE,CHIKOWI,NA,NA,TITUKULANE,FALSE,FALSE,FALSE,1,1,1,1,1,1,0,1,1,1,1,1,TRUE,TRUE,NA,NA,NA,NA,TRUE,NA,NA,NA,Health and Nutrition,0,14,1,Zero (0)
46,CHIPANDE,ZOMBA,1,1,Adult Male and Adult Female (M&F),NA,0,NA,0,0,0,NA,4,0,0,0,1,NA,NA,NA,1,NA,NA,0,NA,NA,1,0,Female,CHIPANDE,CHIKOWI,NA,NA,TITUKULANE,FALSE,FALSE,FALSE,1,1,1,1,0,1,1,1,1,1,1,1,TRUE,NA,NA,TRUE,NA,NA,NA,NA,NA,NA,Health and Nutrition,0,14,1,Zero (0)
25,CHIPANDE,ZOMBA,1,0,Adult Male and Adult Female (M&F),NA,0,NA,0,0,0,NA,1,0,1,1,1,NA,NA,NA,1,NA,NA,1,NA,NA,0,0,Female,CHIPANDE,CHIKOWI,NA,NA,TITUKULANE,FALSE,TRUE,TRUE,1,1,1,1,1,1,1,1,1,1,1,1,TRUE,TRUE,NA,NA,NA,NA,NA,NA,NA,NA,Health and Nutrition,2,17,1,One or more (1+)
28,CHIPANDE,ZOMBA,1,0,Adult Male and Adult Female (M&F),NA,0,NA,0,0,0,NA,0,1,0,0,1,NA,NA,NA,1,NA,NA,1,NA,NA,1,0,Female,CHIPANDE,CHIKOWI,NA,NA,TITUKULANE,FALSE,FALSE,FALSE,1,1,1,1,1,1,1,1,1,1,1,1,TRUE,NA,TRUE,NA,NA,NA,NA,NA,NA,NA,Health and Nutrition,0,16,1,Zero (0)
24,KASELEMA,ZOMBA,1,0,Adult Male and Adult Female (M&F),NA,0,NA,0,0,0,NA,0,1,0,1,1,NA,NA,NA,1,NA,NA,0,NA,NA,1,0,Female,CHIWAMBA 2,CHIKOWI,NA,NA,TITUKULANE,FALSE,FALSE,FALSE,1,1,1,1,1,1,1,1,1,1,1,1,TRUE,NA,NA,NA,NA,NA,TRUE,NA,NA,TRUE,Health and Nutrition,0,16,1,Zero (0)
20,KASELEMA,ZOMBA,1,0,Adult Female no Adult Male (FnM),NA,0,NA,0,0,0,NA,0,0,0,0,1,NA,NA,NA,1,NA,NA,0,NA,NA,0,0,Female,CHIWAMBA 2,CHIKOWI,NA,NA,TITUKULANE,FALSE,FALSE,FALSE,1,1,1,1,1,1,0,1,1,1,1,0,TRUE,TRUE,NA,NA,NA,NA,TRUE,NA,NA,NA,Health and Nutrition,0,12,1,Zero (0)
47,IPILU,MANGOCHI,3,1,Adult Male and Adult Female (M&F),NA,0,NA,0,0,0,NA,0,1,0,1,1,NA,NA,NA,1,NA,NA,1,NA,NA,1,0,Female,IPILU,CHILIPA,NA,NA,TITUKULANE,FALSE,FALSE,FALSE,1,1,1,0,0,1,1,1,1,1,1,1,NA,TRUE,TRUE,NA,NA,NA,NA,NA,NA,NA,Health and Nutrition,0,15,1,Zero (0)
24,IPILU,MANGOCHI,1,0,Adult Male and Adult Female (M&F),NA,0,NA,0,0,1,NA,1,0,0,1,1,NA,NA,NA,1,NA,NA,0,NA,NA,0,0,Female,IPILU,CHILIPA,NA,NA,TITUKULANE,FALSE,FALSE,FALSE,1,1,1,1,0,1,1,1,1,1,1,1,NA,NA,NA,NA,NA,TRUE,NA,NA,NA,TRUE,Health and Nutrition,1,14,1,One or more (1+)
30,KASELEMA,ZOMBA,1,0,Adult Male and Adult Female (M&F),NA,0,NA,0,0,0,NA,1,0,0,1,1,NA,NA,NA,1,NA,NA,0,NA,NA,1,0,Female,CHIWAMBA 2,CHIKOWI,NA,NA,TITUKULANE,FALSE,TRUE,FALSE,1,1,1,1,1,1,1,1,1,0,1,1,TRUE,TRUE,TRUE,NA,NA,NA,TRUE,NA,NA,NA,Health and Nutrition,1,15,1,One or more (1+)
33,KASELEMA,ZOMBA,0,1,Adult Female no Adult Male (FnM),NA,0,NA,0,0,0,NA,0,0,0,1,1,NA,NA,NA,1,NA,NA,1,NA,NA,0,1,Female,CHIWAMBA 2,CHIKOWI,NA,NA,TITUKULANE,FALSE,FALSE,TRUE,1,0,1,1,1,1,1,1,1,1,1,1,TRUE,TRUE,NA,NA,NA,NA,TRUE,NA,NA,NA,Health and Nutrition,1,16,1,One or more (1+)
39,IPILU,MANGOCHI,1,1,Adult Male and Adult Female (M&F),NA,0,NA,0,0,0,NA,0,1,0,0,0,NA,NA,NA,0,NA,NA,0,NA,NA,0,0,Female,AIRONI,CHILIPA,NA,NA,TITUKULANE,FALSE,FALSE,FALSE,0,0,1,0,0,0,0,1,1,1,1,0,TRUE,NA,TRUE,TRUE,NA,TRUE,TRUE,NA,NA,NA,Health and Nutrition,0,5,1,Zero (0)
29,IPILU,MANGOCHI,0,1,Adult Female no Adult Male (FnM),NA,0,NA,0,0,0,NA,0,0,0,0,0,NA,NA,NA,0,NA,NA,0,NA,NA,0,0,Female,IPILU,CHILIPA,NA,NA,TITUKULANE,FALSE,FALSE,FALSE,0,0,0,0,0,0,0,0,1,0,0,0,TRUE,TRUE,TRUE,TRUE,NA,NA,TRUE,TRUE,NA,NA,Health and Nutrition,0,1,1,Zero (0)
33,IPILU,MANGOCHI,0,1,Adult Female no Adult Male (FnM),NA,0,NA,0,0,0,NA,0,0,0,0,1,NA,NA,NA,1,NA,NA,0,NA,NA,0,0,Female,IPILU,CHILIPA,NA,NA,TITUKULANE,FALSE,FALSE,FALSE,1,1,1,1,1,1,1,1,1,1,0,1,TRUE,TRUE,TRUE,TRUE,NA,NA,TRUE,NA,NA,TRUE,Health and Nutrition,0,13,1,Zero (0)
37,IPILU,MANGOCHI,1,1,Adult Male and Adult Female (M&F),NA,0,NA,0,0,0,NA,0,1,0,0,1,NA,NA,NA,0,NA,NA,0,NA,NA,0,0,Female,IPILU,CHILIPA,NA,NA,TITUKULANE,FALSE,FALSE,FALSE,0,1,1,0,0,0,0,0,1,1,1,0,TRUE,NA,TRUE,NA,NA,NA,NA,NA,NA,NA,Health and Nutrition,0,6,1,Zero (0)
21,IPILU,MANGOCHI,1,0,Adult Female no Adult Male (FnM),NA,0,NA,0,0,0,NA,0,0,0,0,1,NA,NA,NA,1,NA,NA,0,NA,NA,0,0,Female,IPILU,CHILIPA,NA,NA,TITUKULANE,FALSE,FALSE,FALSE,0,1,1,1,1,1,1,1,1,1,1,1,TRUE,NA,TRUE,NA,NA,TRUE,NA,NA,NA,NA,Health and Nutrition,0,13,1,Zero (0)
45,IPILU,MANGOCHI,1,1,Adult Male and Adult Female (M&F),NA,0,NA,0,0,0,NA,1,1,1,0,1,NA,NA,NA,0,NA,NA,0,NA,NA,0,0,Female,IPILU,CHILIPA,NA,NA,TITUKULANE,FALSE,FALSE,FALSE,1,1,1,1,0,1,1,1,1,1,1,1,NA,NA,TRUE,TRUE,NA,NA,NA,NA,NA,TRUE,Health and Nutrition,0,13,1,Zero (0)
28,IPILU,MANGOCHI,1,0,Adult Male and Adult Female (M&F),NA,0,NA,0,0,0,NA,0,1,0,1,0,NA,NA,NA,0,NA,NA,0,NA,NA,0,1,Female,IPIRA,CHILIPA,NA,NA,TITUKULANE,FALSE,FALSE,FALSE,0,1,1,1,0,1,1,1,1,1,1,1,TRUE,NA,TRUE,NA,NA,NA,NA,NA,NA,NA,Health and Nutrition,0,12,1,Zero (0)
42,IPILU,MANGOCHI,1,1,Adult Female no Adult Male (FnM),NA,0,NA,0,0,0,NA,1,0,0,1,0,NA,NA,NA,0,NA,NA,1,NA,NA,0,0,Female,AIRONI,CHILIPA,NA,NA,TITUKULANE,FALSE,FALSE,FALSE,0,1,1,0,0,0,1,1,1,1,1,1,TRUE,NA,TRUE,NA,NA,NA,NA,NA,NA,NA,Health and Nutrition,0,10,1,Zero (0)
21,KUMBWANI,ZOMBA,1,0,Adult Male and Adult Female (M&F),NA,0,NA,0,0,0,NA,1,0,0,1,1,NA,NA,NA,0,NA,NA,1,NA,NA,0,1,Female,MTEHE,KUNTUMANJI,NA,NA,TITUKULANE,FALSE,FALSE,FALSE,0,1,1,1,1,1,1,1,1,1,1,1,TRUE,NA,NA,TRUE,NA,NA,TRUE,NA,NA,NA,Health and Nutrition,0,15,1,Zero (0)
21,KUMBWANI,ZOMBA,1,0,Adult Male and Adult Female (M&F),NA,0,NA,0,0,0,NA,1,0,0,1,1,NA,NA,NA,1,NA,NA,1,NA,NA,0,0,Female,MTEHE,KUNTUMANJI,NA,NA,TITUKULANE,FALSE,FALSE,FALSE,1,1,1,1,1,1,1,1,1,1,1,1,TRUE,NA,TRUE,NA,NA,NA,TRUE,NA,NA,NA,Health and Nutrition,0,16,1,Zero (0)
22,NAMADINGO,ZOMBA,1,0,Adult Male and Adult Female (M&F),NA,0,NA,0,0,0,NA,1,0,0,1,0,NA,NA,NA,1,NA,NA,0,NA,NA,1,0,Female,NKUKUMIRA,KUNTUMANJI,NA,NA,TITUKULANE,FALSE,FALSE,FALSE,1,1,1,1,1,1,1,1,1,1,0,1,TRUE,NA,TRUE,NA,NA,TRUE,NA,NA,NA,NA,Health and Nutrition,0,14,1,Zero (0)
31,NAMADINGO,ZOMBA,1,0,Adult Female no Adult Male (FnM),NA,0,NA,0,0,0,NA,0,1,0,1,1,NA,NA,NA,1,NA,NA,0,NA,NA,1,0,Female,NKUKUMIRA,KUNTUMANJI,NA,NA,TITUKULANE,FALSE,FALSE,FALSE,1,1,1,1,1,1,1,1,1,1,1,1,TRUE,NA,TRUE,NA,NA,NA,TRUE,NA,NA,NA,Health and Nutrition,0,16,1,Zero (0)
21,NAMADINGO,ZOMBA,1,0,Adult Male and Adult Female (M&F),NA,0,NA,0,0,0,NA,0,1,0,0,0,NA,NA,NA,0,NA,NA,1,NA,NA,1,0,Female,NKUKUMIRA,KUNTUMANJI,NA,NA,TITUKULANE,FALSE,FALSE,FALSE,0,1,1,1,1,1,1,1,1,0,1,1,TRUE,TRUE,TRUE,TRUE,NA,NA,NA,NA,NA,NA,Health and Nutrition,0,12,1,Zero (0)
28,KUMBWANI,ZOMBA,1,0,Adult Male and Adult Female (M&F),NA,0,NA,0,0,0,NA,0,1,0,0,1,NA,NA,NA,1,NA,NA,0,NA,NA,0,0,Female,MTEHE,KUNTUMANJI,NA,NA,TITUKULANE,FALSE,FALSE,FALSE,1,1,1,0,1,1,1,1,1,1,1,1,TRUE,TRUE,TRUE,TRUE,NA,NA,TRUE,NA,NA,NA,Health and Nutrition,0,13,1,Zero (0)
35,KUMBWANI,ZOMBA,3,1,Adult Female no Adult Male (FnM),NA,0,NA,0,0,0,NA,0,0,0,1,1,NA,NA,NA,0,NA,NA,1,NA,NA,1,1,Female,MTEHE,KUNTUMANJI,NA,NA,TITUKULANE,FALSE,FALSE,FALSE,1,1,1,1,1,1,1,1,1,1,1,1,TRUE,NA,TRUE,NA,TRUE,NA,NA,NA,NA,NA,Health and Nutrition,0,17,1,Zero (0)
35,KUMBWANI,ZOMBA,1,1,Adult Male and Adult Female (M&F),NA,0,NA,0,0,0,NA,1,1,0,1,1,NA,NA,NA,0,NA,NA,1,NA,NA,1,0,Female,MTEHE,KUNTUMANJI,NA,NA,TITUKULANE,FALSE,FALSE,FALSE,0,1,1,1,1,1,1,1,1,1,1,0,TRUE,NA,TRUE,TRUE,NA,NA,TRUE,NA,NA,NA,Health and Nutrition,0,14,1,Zero (0)
31,KUMBWANI,ZOMBA,1,1,Adult Male and Adult Female (M&F),NA,0,NA,0,0,0,NA,1,0,0,0,1,NA,NA,NA,1,NA,NA,1,NA,NA,1,1,Female,MTEHE,KUNTUMANJI,NA,NA,TITUKULANE,FALSE,FALSE,FALSE,1,1,1,1,1,1,1,1,1,1,1,1,TRUE,TRUE,TRUE,TRUE,NA,NA,TRUE,NA,NA,NA,Health and Nutrition,0,17,1,Zero (0)
48,NAMADINGO,ZOMBA,0,1,Adult Male and Adult Female (M&F),NA,0,NA,0,0,0,NA,0,1,0,0,1,NA,NA,NA,1,NA,NA,0,NA,NA,1,0,Female,MISI,KUNTUMANJI,NA,NA,TITUKULANE,FALSE,FALSE,FALSE,1,1,1,0,1,1,1,1,1,1,0,1,TRUE,TRUE,NA,TRUE,NA,NA,NA,NA,NA,NA,Health and Nutrition,0,13,1,Zero (0)
24,NAMADINGO,ZOMBA,1,0,Adult Male and Adult Female (M&F),NA,0,NA,0,0,0,NA,1,0,0,0,1,NA,NA,NA,1,NA,NA,0,NA,NA,1,0,Female,NAMADINGO 2,KUNTUMANJI,NA,NA,TITUKULANE,FALSE,FALSE,FALSE,0,1,1,1,1,1,1,1,1,1,1,1,TRUE,NA,TRUE,NA,NA,NA,TRUE,NA,NA,NA,Health and Nutrition,0,14,1,Zero (0)
25,NAMADINGO,ZOMBA,1,0,Adult Male and Adult Female (M&F),NA,0,NA,0,0,0,NA,0,1,0,0,1,NA,NA,NA,1,NA,NA,0,NA,NA,0,0,Female,MISI,KUNTUMANJI,NA,NA,TITUKULANE,FALSE,FALSE,FALSE,0,1,1,1,0,1,0,1,1,1,1,1,TRUE,NA,TRUE,NA,NA,NA,TRUE,NA,NA,NA,Health and Nutrition,0,11,1,Zero (0)
40,NAMADINGO,ZOMBA,3,1,Adult Female no Adult Male (FnM),NA,0,NA,0,0,0,NA,3,0,0,1,1,NA,NA,NA,1,NA,NA,0,NA,NA,0,0,Female,NAMADINGO 2,KUNTUMANJI,NA,NA,TITUKULANE,FALSE,FALSE,FALSE,1,1,1,1,0,1,0,1,1,1,1,1,TRUE,NA,NA,NA,NA,NA,TRUE,NA,NA,NA,Health and Nutrition,0,13,1,Zero (0)
30,NAMADINGO,ZOMBA,0,1,Adult Male and Adult Female (M&F),NA,0,NA,0,0,0,NA,0,1,0,0,1,NA,NA,NA,1,NA,NA,0,NA,NA,0,0,Female,KALINGO,KUNTUMANJI,NA,NA,TITUKULANE,FALSE,FALSE,FALSE,1,1,1,1,0,1,1,1,1,1,1,1,TRUE,NA,NA,NA,NA,NA,TRUE,NA,NA,NA,Health and Nutrition,0,13,1,Zero (0)
18,KUMBWANI,ZOMBA,1,0,Adult Male and Adult Female (M&F),NA,0,NA,0,0,0,NA,1,0,0,1,1,NA,NA,NA,1,NA,NA,0,NA,NA,0,0,Female,MTEHE,KUNTUMANJI,NA,NA,TITUKULANE,FALSE,FALSE,FALSE,1,1,1,1,1,1,1,1,1,1,1,1,TRUE,NA,NA,TRUE,NA,NA,TRUE,NA,NA,NA,Health and Nutrition,0,15,1,Zero (0)
28,NAMADINGO,ZOMBA,1,0,Adult Female no Adult Male (FnM),NA,0,NA,0,0,0,NA,0,0,0,1,1,NA,NA,NA,1,NA,NA,1,NA,NA,1,0,Female,KALINGO,KUNTUMANJI,NA,NA,TITUKULANE,FALSE,FALSE,FALSE,1,1,1,1,1,1,1,1,1,1,1,1,TRUE,NA,NA,NA,NA,NA,TRUE,NA,NA,NA,Health and Nutrition,0,17,1,Zero (0)
21,NASULUMA,MANGOCHI,4,1,Adult Male and Adult Female (M&F),NA,0,NA,0,0,0,NA,1,1,0,1,1,NA,NA,NA,1,NA,NA,1,NA,NA,0,1,Female,CHILIBWE,CHILIPA,NA,NA,TITUKULANE,FALSE,FALSE,FALSE,1,1,1,1,1,1,1,1,1,1,1,1,TRUE,NA,NA,TRUE,NA,NA,NA,NA,NA,NA,Health and Nutrition,0,17,1,Zero (0)
37,MLONGOTI,MANGOCHI,0,1,Adult Male and Adult Female (M&F),NA,1,NA,0,0,1,NA,1,1,0,1,1,NA,NA,NA,1,NA,NA,1,NA,NA,1,0,Female,MASAMBUKA,NTONDA,NA,NA,TITUKULANE,FALSE,FALSE,FALSE,1,1,1,1,0,1,1,1,1,1,1,1,NA,NA,TRUE,NA,NA,NA,NA,NA,NA,NA,Health and Nutrition,2,16,1,One or more (1+)
22,MLONGOTI,MANGOCHI,1,0,Adult Male and Adult Female (M&F),NA,0,NA,0,0,0,NA,0,1,0,1,1,NA,NA,NA,0,NA,NA,0,NA,NA,1,0,Female,MASAMBUKA,NTONDA,NA,NA,TITUKULANE,FALSE,FALSE,FALSE,0,1,1,1,0,1,1,1,1,0,1,1,NA,NA,TRUE,NA,NA,NA,NA,NA,NA,NA,Health and Nutrition,0,12,1,Zero (0)
24,MLONGOTI,MANGOCHI,1,0,Adult Female no Adult Male (FnM),NA,0,NA,0,0,1,NA,0,0,0,1,1,NA,NA,NA,1,NA,NA,0,NA,NA,0,0,Female,MASAMBUKA,NTONDA,NA,NA,TITUKULANE,FALSE,FALSE,FALSE,1,1,1,1,0,1,1,1,1,1,0,1,NA,NA,TRUE,NA,NA,NA,NA,NA,NA,NA,Health and Nutrition,1,13,1,One or more (1+)
28,MLONGOTI,MANGOCHI,1,0,Adult Male and Adult Female (M&F),NA,0,NA,0,0,0,NA,0,1,0,1,1,NA,NA,NA,1,NA,NA,0,NA,NA,0,0,Female,MASAMBUKA,NTONDA,NA,NA,TITUKULANE,FALSE,FALSE,FALSE,0,1,0,1,0,1,1,1,1,1,1,1,TRUE,NA,TRUE,TRUE,NA,NA,NA,NA,NA,NA,Health and Nutrition,0,12,1,Zero (0)
28,NAMADINGO,ZOMBA,2,0,Adult Male and Adult Female (M&F),NA,0,NA,0,0,0,NA,0,1,0,1,1,NA,NA,NA,1,NA,NA,1,NA,NA,1,1,Female,MISI,KUNTUMANJI,NA,NA,TITUKULANE,FALSE,FALSE,TRUE,1,1,1,1,1,1,1,1,1,1,0,1,TRUE,TRUE,TRUE,NA,NA,NA,NA,NA,NA,NA,Health and Nutrition,1,17,1,One or more (1+)
23,NAMADINGO,ZOMBA,1,0,Adult Male and Adult Female (M&F),NA,0,NA,0,0,0,NA,0,1,1,1,1,NA,NA,NA,1,NA,NA,0,NA,NA,1,1,Female,NKUKUMIRA,KUNTUMANJI,NA,NA,TITUKULANE,FALSE,FALSE,FALSE,1,0,1,1,1,1,1,1,1,1,1,1,TRUE,TRUE,TRUE,NA,NA,NA,NA,NA,NA,NA,Health and Nutrition,0,17,1,Zero (0)
23,KUMBWANI,ZOMBA,1,0,Adult Male and Adult Female (M&F),NA,0,NA,1,0,0,NA,1,0,0,1,0,NA,NA,NA,1,NA,NA,0,NA,NA,1,0,Female,MTEHE,KUNTUMANJI,NA,NA,TITUKULANE,FALSE,FALSE,FALSE,1,1,1,1,1,1,1,1,1,1,1,1,TRUE,TRUE,TRUE,NA,NA,NA,NA,NA,NA,NA,Health and Nutrition,1,15,1,One or more (1+)
28,NAMADINGO,ZOMBA,1,0,Adult Female no Adult Male (FnM),NA,0,NA,0,0,0,NA,0,0,0,1,1,NA,NA,NA,1,NA,NA,0,NA,NA,0,1,Female,MISI,KUNTUMANJI,NA,NA,TITUKULANE,FALSE,FALSE,FALSE,1,0,1,1,1,1,1,1,1,1,0,1,TRUE,NA,TRUE,NA,NA,TRUE,NA,NA,NA,NA,Health and Nutrition,0,14,1,Zero (0)
23,MLONGOTI,MANGOCHI,1,0,Adult Male and Adult Female (M&F),NA,0,NA,0,0,1,NA,0,1,0,1,1,NA,NA,NA,1,NA,NA,1,NA,NA,1,0,Female,MASAMBUKA,NTONDA,NA,NA,TITUKULANE,FALSE,FALSE,FALSE,1,1,1,1,1,1,1,1,1,1,1,0,NA,NA,TRUE,NA,NA,TRUE,NA,NA,NA,TRUE,Health and Nutrition,1,16,1,One or more (1+)
26,MLONGOTI,MANGOCHI,1,0,Adult Male and Adult Female (M&F),NA,0,NA,0,0,0,NA,0,1,0,1,1,NA,NA,NA,1,NA,NA,1,NA,NA,1,0,Female,MASAMBUKA,NTONDA,NA,NA,TITUKULANE,FALSE,FALSE,FALSE,1,1,1,0,0,1,1,1,1,1,1,1,TRUE,NA,TRUE,NA,NA,NA,NA,NA,NA,NA,Health and Nutrition,0,15,1,Zero (0)
33,MLONGOTI,MANGOCHI,0,1,Adult Female no Adult Male (FnM),NA,0,NA,0,0,0,NA,0,0,0,1,1,NA,NA,NA,1,NA,NA,0,NA,NA,1,0,Female,MASAMBUKA,NTONDA,NA,NA,TITUKULANE,FALSE,FALSE,FALSE,1,1,1,1,0,1,1,1,1,1,1,1,TRUE,NA,NA,TRUE,NA,NA,NA,NA,NA,NA,Health and Nutrition,0,15,1,Zero (0)
29,MLONGOTI,MANGOCHI,1,0,Adult Male and Adult Female (M&F),NA,0,NA,0,0,0,NA,0,1,0,1,1,NA,NA,NA,1,NA,NA,0,NA,NA,1,0,Female,MASAMBUKA,NTONDA,NA,NA,TITUKULANE,FALSE,FALSE,FALSE,0,1,1,0,0,0,1,1,1,1,1,1,NA,NA,NA,TRUE,NA,NA,NA,NA,NA,TRUE,Health and Nutrition,0,12,1,Zero (0)
23,MLONGOTI,MANGOCHI,1,0,Adult Male and Adult Female (M&F),NA,0,NA,0,0,0,NA,1,0,0,1,0,NA,NA,NA,1,NA,NA,0,NA,NA,0,0,Female,MASAMBUKA,NTONDA,NA,NA,TITUKULANE,FALSE,FALSE,FALSE,0,1,1,1,0,0,1,1,1,1,1,1,TRUE,NA,TRUE,TRUE,NA,NA,NA,NA,NA,TRUE,Health and Nutrition,0,11,1,Zero (0)
36,MLONGOTI,MANGOCHI,0,1,Adult Male and Adult Female (M&F),NA,0,NA,0,0,0,NA,1,0,0,1,0,NA,NA,NA,1,NA,NA,0,NA,NA,0,0,Female,MASAMBUKA,NTONDA,NA,NA,TITUKULANE,FALSE,FALSE,FALSE,1,1,1,1,0,1,1,1,1,1,1,1,NA,NA,TRUE,TRUE,NA,NA,TRUE,NA,NA,NA,Health and Nutrition,0,13,1,Zero (0)
26,NASULUMA,MANGOCHI,1,0,Adult Male and Adult Female (M&F),NA,0,NA,0,0,0,NA,0,1,0,1,1,NA,NA,NA,1,NA,NA,1,NA,NA,1,0,Female,CHILIBWE,CHILIPA,NA,NA,TITUKULANE,FALSE,TRUE,FALSE,1,1,1,1,1,1,1,1,1,1,1,1,TRUE,NA,NA,TRUE,NA,NA,TRUE,NA,NA,NA,Health and Nutrition,1,17,1,One or more (1+)
25,NASULUMA,MANGOCHI,1,0,Adult Male and Adult Female (M&F),NA,0,NA,0,0,0,NA,1,0,0,0,1,NA,NA,NA,0,NA,NA,0,NA,NA,0,0,Female,CHILIBWE,CHILIPA,NA,NA,TITUKULANE,FALSE,FALSE,FALSE,0,1,1,0,0,0,0,1,1,1,0,0,TRUE,TRUE,TRUE,TRUE,NA,TRUE,TRUE,TRUE,NA,TRUE,Health and Nutrition,0,6,1,Zero (0)
23,KUMBWANI,ZOMBA,1,0,Adult Male and Adult Female (M&F),NA,0,NA,0,0,1,NA,1,0,0,1,1,NA,NA,NA,1,NA,NA,1,NA,NA,1,1,Female,MTEHE,KUNTUMANJI,NA,NA,TITUKULANE,FALSE,FALSE,FALSE,1,1,1,1,1,1,1,1,1,1,1,1,TRUE,NA,TRUE,NA,NA,NA,NA,NA,NA,NA,Health and Nutrition,1,18,1,One or more (1+)
24,NAMADINGO,ZOMBA,1,0,Adult Male and Adult Female (M&F),NA,0,NA,0,0,1,NA,1,1,0,0,1,NA,NA,NA,1,NA,NA,1,NA,NA,0,0,Female,NAMADINGO 2,KUNTUMANJI,NA,NA,TITUKULANE,TRUE,TRUE,FALSE,1,1,1,1,1,1,0,1,1,1,1,1,TRUE,TRUE,TRUE,TRUE,NA,TRUE,NA,NA,NA,NA,Health and Nutrition,3,14,1,One or more (1+)
21,KUMBWANI,ZOMBA,1,0,Adult Male and Adult Female (M&F),NA,1,NA,1,1,1,NA,1,0,0,1,1,NA,NA,NA,1,NA,NA,1,NA,NA,1,1,Female,MTEHE,KUNTUMANJI,NA,NA,TITUKULANE,TRUE,TRUE,TRUE,1,1,1,1,1,1,1,1,1,1,1,1,NA,NA,TRUE,NA,NA,NA,NA,NA,NA,NA,Health and Nutrition,7,18,1,One or more (1+)
35,CHIPANDE,ZOMBA,0,1,Adult Male and Adult Female (M&F),NA,1,NA,1,0,0,NA,1,1,0,1,1,NA,NA,NA,1,NA,NA,1,NA,NA,0,1,Female,NKHATA 1,CHIKOWI,NA,NA,TITUKULANE,FALSE,TRUE,FALSE,1,1,1,1,1,1,1,1,1,1,1,1,NA,NA,TRUE,TRUE,TRUE,NA,TRUE,TRUE,NA,TRUE,Health and Nutrition,3,17,1,One or more (1+)
21,CHIPANDE,ZOMBA,1,0,Adult Female no Adult Male (FnM),NA,0,NA,1,0,0,NA,0,0,0,1,1,NA,NA,NA,1,NA,NA,1,NA,NA,1,1,Female,NKHATA 1,CHIKOWI,NA,NA,TITUKULANE,FALSE,FALSE,FALSE,1,1,1,1,1,1,1,1,1,1,1,1,TRUE,TRUE,TRUE,TRUE,NA,NA,TRUE,NA,NA,NA,Health and Nutrition,1,18,1,One or more (1+)
40,CHIPANDE,ZOMBA,0,1,Adult Male and Adult Female (M&F),NA,0,NA,0,0,0,NA,1,1,0,1,1,NA,NA,NA,0,NA,NA,1,NA,NA,0,1,Female,NKHATA 1,CHIKOWI,NA,NA,TITUKULANE,FALSE,FALSE,FALSE,1,1,1,1,1,1,1,1,1,1,1,1,TRUE,NA,TRUE,NA,NA,NA,TRUE,NA,NA,TRUE,Health and Nutrition,0,16,1,Zero (0)
38,CHIPANDE,ZOMBA,1,1,Adult Male and Adult Female (M&F),NA,0,NA,0,0,0,NA,2,1,0,1,1,NA,NA,NA,0,NA,NA,1,NA,NA,0,1,Female,NKHATA 1,CHIKOWI,NA,NA,TITUKULANE,FALSE,FALSE,FALSE,0,1,1,1,1,0,1,1,1,1,1,1,TRUE,NA,TRUE,NA,NA,NA,TRUE,NA,NA,NA,Health and Nutrition,0,14,1,Zero (0)
48,CHIPANDE,ZOMBA,3,1,Adult Male and Adult Female (M&F),NA,0,NA,0,0,0,NA,1,1,0,1,1,NA,NA,NA,1,NA,NA,1,NA,NA,1,1,Female,NKHATA 1,CHIKOWI,NA,NA,TITUKULANE,FALSE,FALSE,FALSE,1,1,1,1,0,1,1,1,1,1,1,1,NA,NA,TRUE,NA,NA,NA,NA,NA,NA,NA,Health and Nutrition,0,17,1,Zero (0)
18,CHIPANDE,ZOMBA,1,0,Adult Male and Adult Female (M&F),NA,0,NA,0,0,0,NA,1,0,0,1,1,NA,NA,NA,0,NA,NA,1,NA,NA,1,1,Female,NKHATA 1,CHIKOWI,NA,NA,TITUKULANE,FALSE,FALSE,FALSE,1,1,1,1,1,1,1,1,1,1,1,1,NA,NA,TRUE,NA,NA,NA,NA,NA,NA,NA,Health and Nutrition,0,17,1,Zero (0)
35,CHIPANDE,ZOMBA,0,1,Adult Female no Adult Male (FnM),NA,0,NA,0,0,0,NA,1,0,1,0,1,NA,NA,NA,0,NA,NA,1,NA,NA,1,1,Female,NKHATA 1,CHIKOWI,NA,NA,TITUKULANE,FALSE,FALSE,FALSE,1,1,1,1,1,1,1,1,1,1,1,1,NA,TRUE,TRUE,NA,NA,NA,NA,NA,NA,NA,Health and Nutrition,0,17,1,Zero (0)
36,CHINDAMBA,MANGOCHI,1,2,Adult Male and Adult Female (M&F),NA,0,NA,0,0,0,NA,2,1,0,1,1,NA,NA,NA,1,NA,NA,1,NA,NA,0,0,Female,CHINDAMBA,CHOWE,NA,NA,TITUKULANE,FALSE,FALSE,FALSE,1,1,1,1,0,1,1,1,1,1,1,1,TRUE,TRUE,TRUE,TRUE,NA,TRUE,TRUE,NA,NA,NA,Health and Nutrition,0,15,1,Zero (0)
38,CHINDAMBA,MANGOCHI,1,1,Adult Male and Adult Female (M&F),NA,0,NA,0,0,0,NA,1,0,0,1,1,NA,NA,NA,1,NA,NA,1,NA,NA,0,1,Female,CHINDAMBA,CHOWE,NA,NA,TITUKULANE,FALSE,FALSE,FALSE,1,1,1,1,1,1,1,1,1,1,1,1,TRUE,TRUE,TRUE,TRUE,NA,NA,TRUE,TRUE,NA,NA,Health and Nutrition,0,17,1,Zero (0)
20,MACHEMBA,MANGOCHI,1,0,Adult Male and Adult Female (M&F),NA,0,NA,0,0,0,NA,1,0,0,0,1,NA,NA,NA,0,NA,NA,1,NA,NA,0,0,Female,MACHEMBA 1,CHIUNDA,NA,NA,TITUKULANE,FALSE,FALSE,FALSE,1,1,1,0,0,1,1,1,1,1,1,1,TRUE,NA,TRUE,TRUE,NA,NA,NA,NA,NA,NA,Health and Nutrition,0,12,1,Zero (0)
35,CHINDAMBA,MANGOCHI,3,2,Adult Female no Adult Male (FnM),NA,0,NA,0,0,0,NA,0,0,0,0,0,NA,NA,NA,0,NA,NA,0,NA,NA,1,0,Female,MIZINGA,CHOWE,NA,NA,TITUKULANE,FALSE,FALSE,FALSE,1,1,1,0,0,1,1,1,1,1,0,0,TRUE,NA,TRUE,TRUE,NA,NA,TRUE,NA,TRUE,NA,Health and Nutrition,0,9,1,Zero (0)
38,MACHEMBA,MANGOCHI,0,1,Adult Male and Adult Female (M&F),NA,0,NA,0,0,0,NA,0,1,0,1,1,NA,NA,NA,1,NA,NA,1,NA,NA,1,0,Female,MACHEMBA II,CHIUNDA,NA,NA,TITUKULANE,FALSE,FALSE,FALSE,1,1,1,1,0,1,1,1,1,1,1,1,TRUE,NA,TRUE,NA,NA,TRUE,NA,NA,NA,NA,Health and Nutrition,0,16,1,Zero (0)
37,MACHEMBA,MANGOCHI,1,1,Adult Male and Adult Female (M&F),NA,0,NA,0,0,0,NA,0,1,0,0,0,NA,NA,NA,0,NA,NA,0,NA,NA,1,0,Female,MACHEMBA 1,CHIUNDA,NA,NA,TITUKULANE,FALSE,FALSE,FALSE,1,1,0,0,0,1,1,1,1,1,1,0,TRUE,NA,TRUE,TRUE,NA,TRUE,TRUE,NA,NA,NA,Health and Nutrition,0,9,1,Zero (0)
30,MACHEMBA,MANGOCHI,0,1,Adult Male and Adult Female (M&F),NA,0,NA,0,0,0,NA,0,1,0,0,1,NA,NA,NA,1,NA,NA,0,NA,NA,1,0,Female,MACHEMBA 1,CHIUNDA,NA,NA,TITUKULANE,FALSE,FALSE,FALSE,0,1,1,0,0,1,1,1,1,1,1,1,TRUE,NA,TRUE,TRUE,NA,TRUE,TRUE,NA,NA,TRUE,Health and Nutrition,0,12,1,Zero (0)
43,MACHEMBA,MANGOCHI,1,1,Adult Male and Adult Female (M&F),NA,0,NA,0,0,0,NA,1,1,0,0,0,NA,NA,NA,0,NA,NA,0,NA,NA,1,0,Female,MACHEMBA 1,CHIUNDA,NA,NA,TITUKULANE,FALSE,FALSE,FALSE,0,1,1,0,0,1,1,1,1,1,1,1,NA,NA,TRUE,NA,NA,NA,NA,NA,NA,NA,Health and Nutrition,0,10,1,Zero (0)
32,MACHEMBA,MANGOCHI,1,1,Adult Male and Adult Female (M&F),NA,0,NA,0,0,0,NA,0,1,0,0,0,NA,NA,NA,0,NA,NA,0,NA,NA,0,0,Female,MACHEMBA 1,CHIUNDA,NA,NA,TITUKULANE,FALSE,FALSE,FALSE,1,1,1,0,0,1,1,1,1,1,1,1,TRUE,NA,NA,NA,NA,NA,NA,NA,NA,TRUE,Health and Nutrition,0,10,1,Zero (0)
29,CHINDAMBA,MANGOCHI,1,0,Adult Male and Adult Female (M&F),NA,0,NA,0,0,0,NA,0,1,0,0,0,NA,NA,NA,0,NA,NA,0,NA,NA,0,0,Female,CHINDAMBA,CHOWE,NA,NA,TITUKULANE,FALSE,FALSE,FALSE,1,1,1,0,0,1,0,1,1,1,0,1,TRUE,TRUE,TRUE,NA,NA,TRUE,TRUE,TRUE,NA,TRUE,Health and Nutrition,0,8,1,Zero (0)
23,CHINDAMBA,MANGOCHI,1,0,Adult Male and Adult Female (M&F),NA,0,NA,0,0,0,NA,1,1,0,0,0,NA,NA,NA,0,NA,NA,0,NA,NA,0,0,Female,KATEMANGU,CHOWE,NA,NA,TITUKULANE,FALSE,FALSE,FALSE,0,1,0,0,0,0,0,1,1,0,1,1,TRUE,TRUE,TRUE,TRUE,NA,TRUE,TRUE,TRUE,NA,TRUE,Health and Nutrition,0,5,1,Zero (0)
31,CHINDAMBA,MANGOCHI,0,1,Adult Male and Adult Female (M&F),NA,0,NA,0,0,0,NA,1,2,0,1,0,NA,NA,NA,0,NA,NA,0,NA,NA,0,0,Female,KATEMANGU,CHOWE,NA,NA,TITUKULANE,FALSE,FALSE,FALSE,0,0,1,0,0,0,0,1,1,1,1,1,TRUE,TRUE,TRUE,TRUE,NA,TRUE,TRUE,TRUE,NA,TRUE,Health and Nutrition,0,7,1,Zero (0)
25,CHINDAMBA,MANGOCHI,0,1,Adult Female no Adult Male (FnM),NA,0,NA,0,0,0,NA,0,0,0,1,1,NA,NA,NA,1,NA,NA,1,NA,NA,1,0,Female,KATEMANGU,CHOWE,NA,NA,TITUKULANE,FALSE,FALSE,FALSE,1,1,1,0,1,1,1,1,1,1,1,1,TRUE,TRUE,TRUE,TRUE,NA,TRUE,TRUE,NA,NA,TRUE,Health and Nutrition,0,16,1,Zero (0)
38,CHINDAMBA,MANGOCHI,1,1,Adult Male and Adult Female (M&F),NA,0,NA,0,1,0,NA,0,1,0,0,0,NA,NA,NA,0,NA,NA,0,NA,NA,0,0,Female,MASANGANO,CHOWE,NA,NA,TITUKULANE,FALSE,FALSE,FALSE,0,1,1,1,0,1,1,1,1,1,0,0,TRUE,NA,TRUE,TRUE,NA,TRUE,NA,NA,NA,NA,Health and Nutrition,1,8,1,One or more (1+)
46,CHINDAMBA,MANGOCHI,3,2,Adult Male and Adult Female (M&F),NA,0,NA,0,0,0,NA,1,1,0,0,1,NA,NA,NA,0,NA,NA,1,NA,NA,0,0,Female,MTAKATAKA,CHOWE,NA,NA,TITUKULANE,FALSE,TRUE,FALSE,1,1,0,1,1,1,1,1,1,1,0,0,TRUE,NA,TRUE,TRUE,NA,NA,NA,NA,NA,NA,Health and Nutrition,1,11,1,One or more (1+)
31,CHINDAMBA,MANGOCHI,0,1,Adult Female no Adult Male (FnM),NA,0,NA,0,0,0,NA,0,0,0,0,1,NA,NA,NA,1,NA,NA,1,NA,NA,0,0,Female,MASANGANO,CHOWE,NA,NA,TITUKULANE,FALSE,FALSE,FALSE,1,1,1,1,0,1,1,1,1,1,1,1,NA,NA,TRUE,TRUE,NA,NA,NA,NA,NA,NA,Health and Nutrition,0,14,1,Zero (0)
23,NKATA,MANGOCHI,1,0,Adult Male and Adult Female (M&F),NA,0,NA,0,0,0,NA,1,0,0,1,1,NA,NA,NA,1,NA,NA,0,NA,NA,0,0,Female,CHIPOLE,CHOWE,NA,NA,TITUKULANE,FALSE,FALSE,FALSE,1,1,1,1,1,1,1,1,1,1,1,0,TRUE,NA,NA,TRUE,NA,TRUE,TRUE,NA,NA,NA,Health and Nutrition,0,14,1,Zero (0)
32,NKATA,MANGOCHI,0,1,Adult Male and Adult Female (M&F),NA,0,NA,0,0,0,NA,0,1,0,1,1,NA,NA,NA,1,NA,NA,0,NA,NA,0,0,Female,CHIPOLE,CHOWE,NA,NA,TITUKULANE,FALSE,FALSE,FALSE,1,1,1,1,0,1,1,1,1,1,1,1,TRUE,TRUE,TRUE,TRUE,NA,TRUE,NA,NA,NA,NA,Health and Nutrition,0,14,1,Zero (0)
31,NKATA,MANGOCHI,0,1,Adult Female no Adult Male (FnM),NA,0,NA,0,0,0,NA,0,0,0,1,1,NA,NA,NA,1,NA,NA,1,NA,NA,0,1,Female,CHIPOLE,CHOWE,NA,NA,TITUKULANE,FALSE,FALSE,FALSE,1,1,0,0,1,1,0,1,1,1,1,1,TRUE,TRUE,TRUE,TRUE,NA,TRUE,TRUE,NA,NA,NA,Health and Nutrition,0,14,1,Zero (0)
24,NKATA,MANGOCHI,1,0,Adult Male and Adult Female (M&F),NA,0,NA,0,0,0,NA,1,0,0,1,0,NA,NA,NA,0,NA,NA,0,NA,NA,0,0,Female,CHIPOLE,CHOWE,NA,NA,TITUKULANE,FALSE,FALSE,FALSE,1,1,1,0,0,1,1,1,1,1,1,0,TRUE,NA,TRUE,TRUE,NA,TRUE,NA,NA,NA,NA,Health and Nutrition,0,10,1,Zero (0)
36,NKATA,MANGOCHI,1,1,Adult Male and Adult Female (M&F),NA,0,NA,0,0,0,NA,0,1,0,1,0,NA,NA,NA,0,NA,NA,0,NA,NA,0,0,Female,CHIPOLE,CHOWE,NA,NA,TITUKULANE,FALSE,FALSE,FALSE,1,1,1,0,0,1,1,1,1,1,0,0,TRUE,TRUE,TRUE,TRUE,NA,NA,TRUE,TRUE,NA,TRUE,Health and Nutrition,0,9,1,Zero (0)
30,NKATA,MANGOCHI,0,1,Adult Male and Adult Female (M&F),NA,0,NA,0,0,0,NA,0,1,0,1,1,NA,NA,NA,0,NA,NA,0,NA,NA,0,0,Female,CHIPOLE,CHOWE,NA,NA,TITUKULANE,FALSE,FALSE,FALSE,1,1,1,0,0,0,1,1,1,1,1,1,TRUE,NA,NA,NA,NA,NA,NA,NA,NA,TRUE,Health and Nutrition,0,11,1,Zero (0)
33,NKATA,MANGOCHI,0,5,Adult Male and Adult Female (M&F),NA,0,NA,0,0,0,NA,0,1,0,0,0,NA,NA,NA,0,NA,NA,0,NA,NA,0,0,Female,CHIPOLE,CHOWE,NA,NA,TITUKULANE,FALSE,FALSE,FALSE,0,1,0,0,0,1,0,1,1,1,1,1,TRUE,NA,TRUE,TRUE,NA,TRUE,TRUE,NA,NA,NA,Health and Nutrition,0,7,1,Zero (0)
32,NKATA,MANGOCHI,1,1,Adult Male and Adult Female (M&F),NA,0,NA,0,0,0,NA,0,1,0,0,1,NA,NA,NA,0,NA,NA,0,NA,NA,0,0,Female,CHIPOLE,CHOWE,NA,NA,TITUKULANE,FALSE,FALSE,FALSE,1,1,1,1,0,1,1,1,1,1,1,1,TRUE,NA,TRUE,TRUE,NA,TRUE,NA,NA,NA,NA,Health and Nutrition,0,12,1,Zero (0)
36,NKATA,MANGOCHI,1,0,Adult Male and Adult Female (M&F),NA,0,NA,0,0,0,NA,2,1,0,0,0,NA,NA,NA,0,NA,NA,0,NA,NA,0,0,Female,CHIPOLE,CHOWE,NA,NA,TITUKULANE,FALSE,FALSE,FALSE,1,1,1,0,0,1,1,1,1,1,1,1,TRUE,NA,TRUE,TRUE,NA,TRUE,TRUE,TRUE,NA,NA,Health and Nutrition,0,10,1,Zero (0)
23,NKATA,MANGOCHI,1,0,Adult Male and Adult Female (M&F),NA,0,NA,0,0,0,NA,0,1,0,0,0,NA,NA,NA,0,NA,NA,1,NA,NA,0,0,Female,CHIPOLE,CHOWE,NA,NA,TITUKULANE,FALSE,FALSE,FALSE,0,1,1,0,0,1,1,1,1,1,1,0,TRUE,NA,TRUE,TRUE,NA,TRUE,TRUE,TRUE,NA,TRUE,Health and Nutrition,0,9,1,Zero (0)
28,CHIPANDE,ZOMBA,1,1,Adult Male and Adult Female (M&F),NA,0,NA,0,0,0,NA,0,1,1,1,1,NA,NA,NA,1,NA,NA,0,NA,NA,1,0,Female,KAMPIRA,CHIKOWI,NA,NA,TITUKULANE,FALSE,FALSE,FALSE,1,1,1,1,1,1,1,1,1,1,1,1,TRUE,NA,TRUE,NA,NA,NA,TRUE,NA,NA,NA,Health and Nutrition,0,17,1,Zero (0)
43,CHIPANDE,ZOMBA,0,1,Adult Male and Adult Female (M&F),NA,0,NA,0,0,0,NA,0,1,0,1,1,NA,NA,NA,1,NA,NA,1,NA,NA,1,0,Female,KAMPIRA,CHIKOWI,NA,NA,TITUKULANE,FALSE,FALSE,FALSE,0,1,1,1,1,1,1,1,1,1,1,1,TRUE,NA,NA,NA,NA,NA,TRUE,NA,NA,NA,Health and Nutrition,0,16,1,Zero (0)
21,CHIPANDE,ZOMBA,1,0,Adult Male and Adult Female (M&F),NA,0,NA,0,0,0,NA,1,0,1,1,1,NA,NA,NA,1,NA,NA,1,NA,NA,1,0,Female,KAMPIRA,CHIKOWI,NA,NA,TITUKULANE,FALSE,TRUE,FALSE,1,1,1,1,1,1,1,1,1,1,1,1,NA,NA,TRUE,NA,NA,NA,TRUE,NA,NA,NA,Health and Nutrition,1,18,1,One or more (1+)
24,CHIPANDE,ZOMBA,1,0,Adult Male and Adult Female (M&F),NA,0,NA,0,0,0,NA,1,0,1,0,1,NA,NA,NA,0,NA,NA,1,NA,NA,1,0,Female,KAMPIRA,CHIKOWI,NA,NA,TITUKULANE,FALSE,FALSE,FALSE,1,1,1,1,1,1,1,1,1,1,1,1,TRUE,NA,NA,NA,NA,NA,TRUE,NA,NA,NA,Health and Nutrition,0,16,1,Zero (0)
37,MBALU,ZOMBA,0,1,Adult Male and Adult Female (M&F),NA,0,NA,0,0,0,NA,1,1,0,1,1,NA,NA,NA,1,NA,NA,1,NA,NA,0,0,Female,MLANGALI,MWAMBO,NA,NA,TITUKULANE,FALSE,FALSE,FALSE,0,1,1,1,1,1,1,1,1,1,1,1,TRUE,TRUE,TRUE,NA,NA,NA,NA,NA,NA,NA,Health and Nutrition,0,15,1,Zero (0)
39,MBALU,ZOMBA,0,1,Adult Male and Adult Female (M&F),NA,0,NA,0,0,0,NA,1,1,0,1,1,NA,NA,NA,1,NA,NA,0,NA,NA,1,0,Female,MLANGALI,MWAMBO,NA,NA,TITUKULANE,FALSE,TRUE,TRUE,1,1,1,1,1,1,1,1,1,1,1,1,TRUE,TRUE,TRUE,NA,NA,NA,TRUE,NA,NA,NA,Health and Nutrition,2,16,1,One or more (1+)
29,MBALU,ZOMBA,2,0,Adult Male and Adult Female (M&F),NA,0,NA,0,0,0,NA,0,1,0,1,1,NA,NA,NA,1,NA,NA,0,NA,NA,1,0,Female,MLANGALI,MWAMBO,NA,NA,TITUKULANE,FALSE,FALSE,FALSE,1,1,1,1,1,1,1,1,1,1,1,1,TRUE,NA,TRUE,TRUE,NA,NA,TRUE,NA,NA,NA,Health and Nutrition,0,16,1,Zero (0)
34,MBALU,ZOMBA,0,1,Adult Male and Adult Female (M&F),NA,0,NA,0,0,0,NA,1,1,0,0,1,NA,NA,NA,1,NA,NA,1,NA,NA,1,1,Female,LINYAMA,MWAMBO,NA,NA,TITUKULANE,FALSE,FALSE,FALSE,1,1,1,1,1,1,1,1,1,1,1,1,TRUE,NA,TRUE,NA,NA,NA,NA,NA,NA,NA,Health and Nutrition,0,17,1,Zero (0)
50,KADEWELE,ZOMBA,1,1,Adult Male and Adult Female (M&F),NA,0,NA,0,0,0,NA,1,1,0,1,1,NA,NA,NA,1,NA,NA,1,NA,NA,1,1,Female,TABIYA,MWAMBO,NA,NA,TITUKULANE,FALSE,FALSE,FALSE,0,1,1,1,0,0,1,1,1,0,1,1,NA,NA,TRUE,NA,NA,NA,TRUE,NA,NA,NA,Health and Nutrition,0,14,1,Zero (0)
41,KADEWELE,ZOMBA,1,1,Adult Female no Adult Male (FnM),NA,0,NA,0,0,0,NA,2,1,0,1,1,NA,NA,NA,1,NA,NA,1,NA,NA,0,1,Female,TABIYA,MWAMBO,NA,NA,TITUKULANE,FALSE,FALSE,FALSE,0,1,1,1,0,0,0,1,1,1,1,1,NA,TRUE,TRUE,NA,NA,TRUE,TRUE,NA,NA,NA,Health and Nutrition,0,13,1,Zero (0)
49,CHAPOLA,MANGOCHI,2,1,Adult Male and Adult Female (M&F),NA,0,NA,0,0,0,NA,4,1,0,1,0,NA,NA,NA,0,NA,NA,0,NA,NA,0,0,Female,MBOBO,NAMABVI,NA,NA,TITUKULANE,FALSE,FALSE,FALSE,1,1,1,0,0,1,0,1,1,1,0,1,TRUE,TRUE,TRUE,TRUE,NA,TRUE,NA,NA,NA,NA,Health and Nutrition,0,9,1,Zero (0)
42,CHAPOLA,MANGOCHI,3,2,Adult Male and Adult Female (M&F),NA,0,NA,0,0,0,NA,5,2,0,1,0,NA,NA,NA,0,NA,NA,0,NA,NA,0,0,Female,CHAPOLA,NAMABVI,NA,NA,TITUKULANE,FALSE,FALSE,FALSE,1,1,1,0,0,1,1,1,1,1,1,1,NA,NA,TRUE,TRUE,NA,NA,NA,NA,NA,NA,Health and Nutrition,0,11,1,Zero (0)
36,CHAPOLA,MANGOCHI,1,1,Adult Female no Adult Male (FnM),NA,0,NA,0,0,0,NA,1,1,0,0,1,NA,NA,NA,0,NA,NA,0,NA,NA,0,0,Female,MBOBO,NAMABVI,NA,NA,TITUKULANE,FALSE,FALSE,FALSE,0,1,1,0,0,0,1,1,1,1,1,1,TRUE,NA,TRUE,TRUE,NA,NA,TRUE,TRUE,TRUE,TRUE,Health and Nutrition,0,9,1,Zero (0)
37,CHAPOLA,MANGOCHI,3,1,Adult Male and Adult Female (M&F),NA,0,NA,0,0,0,NA,3,1,0,0,0,NA,NA,NA,0,NA,NA,0,NA,NA,0,0,Female,MBOBO,NAMABVI,NA,NA,TITUKULANE,FALSE,FALSE,FALSE,0,1,1,0,0,1,1,1,1,1,1,1,TRUE,NA,TRUE,TRUE,NA,TRUE,TRUE,NA,TRUE,TRUE,Health and Nutrition,0,9,1,Zero (0)
30,CHAPOLA,MANGOCHI,0,1,Adult Male and Adult Female (M&F),NA,0,NA,0,0,0,NA,1,0,0,0,0,NA,NA,NA,0,NA,NA,0,NA,NA,0,0,Female,CHAPOLA,NAMABVI,NA,NA,TITUKULANE,FALSE,FALSE,FALSE,0,1,0,0,0,1,1,1,1,1,0,1,TRUE,NA,TRUE,TRUE,NA,TRUE,TRUE,NA,NA,TRUE,Health and Nutrition,0,7,1,Zero (0)
38,CHAPOLA,MANGOCHI,2,1,Adult Male and Adult Female (M&F),NA,0,NA,0,0,0,NA,2,1,0,0,0,NA,NA,NA,0,NA,NA,1,NA,NA,0,0,Female,CHAPOLA,NAMABVI,NA,NA,TITUKULANE,FALSE,FALSE,FALSE,1,1,1,0,0,1,1,0,1,1,1,1,TRUE,NA,TRUE,TRUE,NA,TRUE,NA,NA,NA,NA,Health and Nutrition,0,10,1,Zero (0)
42,CHAPOLA,MANGOCHI,2,1,Adult Male and Adult Female (M&F),NA,0,NA,0,0,0,NA,1,1,0,1,1,NA,NA,NA,1,NA,NA,0,NA,NA,0,0,Female,CHAPOLA,NAMABVI,NA,NA,TITUKULANE,FALSE,FALSE,FALSE,1,1,1,1,0,1,1,1,1,1,1,1,TRUE,NA,TRUE,TRUE,NA,TRUE,NA,NA,NA,NA,Health and Nutrition,0,14,1,Zero (0)
42,CHAPOLA,MANGOCHI,1,1,Adult Male and Adult Female (M&F),NA,0,NA,0,0,0,NA,2,1,0,0,1,NA,NA,NA,0,NA,NA,0,NA,NA,0,0,Female,CHAPOLA,NAMABVI,NA,NA,TITUKULANE,FALSE,FALSE,FALSE,0,1,0,0,0,0,1,1,1,1,0,1,TRUE,NA,TRUE,NA,NA,TRUE,TRUE,NA,NA,NA,Health and Nutrition,0,7,1,Zero (0)
19,CHAPOLA,MANGOCHI,1,1,Adult Male and Adult Female (M&F),NA,0,NA,0,0,0,NA,0,1,0,1,1,NA,NA,NA,0,NA,NA,0,NA,NA,0,0,Female,CHAPOLA,NAMABVI,NA,NA,TITUKULANE,FALSE,FALSE,FALSE,0,1,0,0,1,0,1,1,1,1,0,1,TRUE,NA,TRUE,TRUE,NA,TRUE,TRUE,NA,NA,NA,Health and Nutrition,0,9,1,Zero (0)
39,CHAPOLA,MANGOCHI,1,1,Adult Male and Adult Female (M&F),NA,0,NA,0,0,0,NA,1,1,0,0,0,NA,NA,NA,0,NA,NA,0,NA,NA,0,0,Female,CHAPOLA,NAMABVI,NA,NA,TITUKULANE,FALSE,FALSE,FALSE,0,1,0,0,0,0,1,1,1,1,0,1,TRUE,NA,TRUE,NA,NA,TRUE,NA,NA,NA,NA,Health and Nutrition,0,6,1,Zero (0)
26,KADANGO,MANGOCHI,5,2,Adult Male and Adult Female (M&F),NA,0,NA,0,0,0,NA,0,0,0,1,1,NA,NA,NA,0,NA,NA,0,NA,NA,0,0,Female,CHILAWI I,NAMABVI,NA,NA,TITUKULANE,FALSE,FALSE,FALSE,1,1,1,1,0,1,1,1,1,1,1,0,TRUE,NA,TRUE,TRUE,NA,NA,NA,NA,NA,TRUE,Health and Nutrition,0,12,1,Zero (0)
27,KADANGO,MANGOCHI,2,0,Adult Male and Adult Female (M&F),NA,0,NA,0,0,0,NA,2,1,0,1,1,NA,NA,NA,1,NA,NA,1,NA,NA,1,1,Female,CHILAWI I,NAMABVI,NA,NA,TITUKULANE,FALSE,FALSE,FALSE,1,1,1,1,1,1,1,1,1,1,1,1,TRUE,NA,TRUE,TRUE,NA,NA,NA,NA,NA,TRUE,Health and Nutrition,0,18,1,Zero (0)
30,MTOGOLO,ZOMBA,1,1,Adult Male and Adult Female (M&F),NA,0,NA,0,0,0,NA,0,1,0,0,1,NA,NA,NA,1,NA,NA,1,NA,NA,0,0,Female,MAGWIRA 1,MALEMIA,NA,NA,TITUKULANE,FALSE,FALSE,FALSE,0,1,1,1,1,1,0,1,1,1,1,1,TRUE,TRUE,NA,NA,NA,TRUE,TRUE,NA,NA,NA,Health and Nutrition,0,13,1,Zero (0)
40,MTOGOLO,ZOMBA,2,1,Adult Female no Adult Male (FnM),NA,0,NA,0,0,0,NA,1,0,0,0,1,NA,NA,NA,1,NA,NA,1,NA,NA,0,0,Female,MAGWIRA 1,MALEMIA,NA,NA,TITUKULANE,FALSE,TRUE,FALSE,0,1,1,1,1,1,1,1,1,1,1,1,TRUE,TRUE,TRUE,NA,NA,NA,NA,NA,NA,NA,Health and Nutrition,1,14,1,One or more (1+)
32,MTOGOLO,ZOMBA,0,1,Adult Male and Adult Female (M&F),NA,0,NA,0,0,0,NA,0,1,0,0,1,NA,NA,NA,1,NA,NA,1,NA,NA,1,0,Female,MAGWIRA 1,MALEMIA,NA,NA,TITUKULANE,TRUE,TRUE,FALSE,0,1,1,1,1,1,1,1,1,1,1,1,TRUE,TRUE,NA,NA,NA,NA,TRUE,NA,NA,NA,Health and Nutrition,2,15,1,One or more (1+)
37,MTOGOLO,ZOMBA,2,1,Adult Male and Adult Female (M&F),NA,0,NA,0,0,0,NA,0,1,0,0,1,NA,NA,NA,1,NA,NA,1,NA,NA,0,0,Female,MAGWIRA 1,MALEMIA,NA,NA,TITUKULANE,FALSE,TRUE,FALSE,1,1,1,1,1,1,1,1,1,1,1,1,TRUE,TRUE,TRUE,NA,NA,NA,TRUE,NA,NA,NA,Health and Nutrition,1,15,1,One or more (1+)
32,MTOGOLO,ZOMBA,0,1,Adult Female no Adult Male (FnM),NA,0,NA,0,0,0,NA,0,0,0,0,1,NA,NA,NA,1,NA,NA,1,NA,NA,0,0,Female,MAGWIRA 1,MALEMIA,NA,NA,TITUKULANE,FALSE,FALSE,FALSE,0,1,1,1,1,1,1,1,1,1,1,1,NA,NA,TRUE,NA,NA,TRUE,TRUE,NA,NA,NA,Health and Nutrition,0,14,1,Zero (0)
29,MTOGOLO,ZOMBA,0,1,Adult Male and Adult Female (M&F),NA,0,NA,0,0,0,NA,0,1,0,0,1,NA,NA,NA,1,NA,NA,1,NA,NA,1,0,Female,MAGWIRA 1,MALEMIA,NA,NA,TITUKULANE,FALSE,TRUE,FALSE,0,1,1,1,1,1,1,1,1,1,1,1,TRUE,NA,TRUE,NA,NA,TRUE,NA,NA,NA,NA,Health and Nutrition,1,15,1,One or more (1+)
27,KADANGO,MANGOCHI,1,0,Adult Male and Adult Female (M&F),NA,0,NA,0,0,0,NA,0,1,0,0,1,NA,NA,NA,0,NA,NA,0,NA,NA,0,0,Female,CHILAWI I,NAMABVI,NA,NA,TITUKULANE,FALSE,FALSE,FALSE,0,1,1,0,0,1,1,1,1,1,1,1,TRUE,NA,TRUE,TRUE,NA,TRUE,TRUE,TRUE,NA,TRUE,Health and Nutrition,0,10,1,Zero (0)
24,KADANGO,MANGOCHI,1,0,Adult Male and Adult Female (M&F),NA,0,NA,0,0,0,NA,1,0,0,0,1,NA,NA,NA,1,NA,NA,0,NA,NA,1,0,Female,CHILAWI I,NAMABVI,NA,NA,TITUKULANE,FALSE,FALSE,FALSE,1,1,1,1,0,0,1,1,1,1,1,1,TRUE,NA,TRUE,TRUE,NA,TRUE,TRUE,TRUE,NA,TRUE,Health and Nutrition,0,13,1,Zero (0)
24,KADANGO,MANGOCHI,1,0,Adult Male and Adult Female (M&F),NA,0,NA,0,0,0,NA,1,0,0,0,0,NA,NA,NA,0,NA,NA,0,NA,NA,1,0,Female,CHILAWI I,NAMABVI,NA,NA,TITUKULANE,FALSE,FALSE,FALSE,0,0,1,0,0,0,1,1,1,1,1,1,TRUE,NA,TRUE,TRUE,NA,TRUE,TRUE,TRUE,NA,TRUE,Health and Nutrition,0,8,1,Zero (0)
24,KADANGO,MANGOCHI,1,0,Adult Female no Adult Male (FnM),NA,0,NA,0,0,0,NA,0,0,0,1,1,NA,NA,NA,1,NA,NA,1,NA,NA,1,0,Female,CHILAWI I,NAMABVI,NA,NA,TITUKULANE,FALSE,FALSE,FALSE,1,1,1,1,1,1,1,1,1,1,1,1,TRUE,NA,TRUE,TRUE,NA,TRUE,NA,NA,NA,NA,Health and Nutrition,0,17,1,Zero (0)
28,KADANGO,MANGOCHI,1,0,Adult Male and Adult Female (M&F),NA,0,NA,0,0,0,NA,0,1,0,0,1,NA,NA,NA,0,NA,NA,0,NA,NA,1,0,Female,CHILAWI I,NAMABVI,NA,NA,TITUKULANE,FALSE,FALSE,FALSE,0,1,1,0,0,0,1,1,1,1,0,1,TRUE,NA,TRUE,TRUE,NA,TRUE,NA,NA,NA,NA,Health and Nutrition,0,9,1,Zero (0)
29,KADANGO,MANGOCHI,0,1,Adult Male and Adult Female (M&F),NA,0,NA,0,0,0,NA,0,1,0,0,0,NA,NA,NA,0,NA,NA,0,NA,NA,0,0,Female,CHILAWI I,NAMABVI,NA,NA,TITUKULANE,FALSE,FALSE,FALSE,0,1,1,0,0,0,1,1,1,1,0,1,TRUE,NA,TRUE,NA,NA,TRUE,NA,NA,NA,NA,Health and Nutrition,0,7,1,Zero (0)
30,KADANGO,MANGOCHI,0,2,Adult Male and Adult Female (M&F),NA,0,NA,0,0,0,NA,0,1,0,1,1,NA,NA,NA,1,NA,NA,0,NA,NA,1,0,Female,CHILAWI I,NAMABVI,NA,NA,TITUKULANE,FALSE,FALSE,FALSE,1,1,1,0,0,1,1,1,1,1,1,0,TRUE,NA,TRUE,TRUE,NA,TRUE,NA,NA,NA,TRUE,Health and Nutrition,0,13,1,Zero (0)
40,KADANGO,MANGOCHI,2,1,Adult Male and Adult Female (M&F),NA,0,NA,0,0,0,NA,0,1,0,1,1,NA,NA,NA,0,NA,NA,0,NA,NA,1,0,Female,CHILAWI I,NAMABVI,NA,NA,TITUKULANE,FALSE,FALSE,FALSE,1,1,1,1,0,1,1,1,1,1,1,1,NA,NA,TRUE,TRUE,NA,TRUE,NA,NA,NA,NA,Health and Nutrition,0,14,1,Zero (0)
42,KADANGO,MANGOCHI,1,1,Adult Male and Adult Female (M&F),NA,0,NA,0,0,0,NA,1,1,0,1,1,NA,NA,NA,1,NA,NA,1,NA,NA,0,0,Female,CHILAWI I,NAMABVI,NA,NA,TITUKULANE,FALSE,FALSE,FALSE,1,1,1,1,0,1,1,1,1,1,1,1,NA,NA,TRUE,NA,NA,TRUE,TRUE,NA,NA,NA,Health and Nutrition,0,15,1,Zero (0)
29,MTOGOLO,ZOMBA,0,1,Adult Male and Adult Female (M&F),NA,0,NA,0,0,0,NA,0,1,0,1,1,NA,NA,NA,1,NA,NA,1,NA,NA,0,0,Female,MALEMIA,MALEMIA,NA,NA,TITUKULANE,FALSE,FALSE,FALSE,1,1,1,1,0,1,0,1,1,1,1,1,TRUE,TRUE,TRUE,TRUE,NA,NA,TRUE,NA,NA,NA,Health and Nutrition,0,14,1,Zero (0)
29,MTOGOLO,ZOMBA,1,0,Adult Male and Adult Female (M&F),NA,0,NA,0,0,0,NA,0,1,0,1,1,NA,NA,NA,1,NA,NA,1,NA,NA,0,0,Female,MALEMIA,MALEMIA,NA,NA,TITUKULANE,FALSE,FALSE,FALSE,1,1,1,0,0,1,0,1,1,1,1,1,TRUE,TRUE,TRUE,TRUE,NA,NA,TRUE,NA,TRUE,NA,Health and Nutrition,0,13,1,Zero (0)
40,MTOGOLO,ZOMBA,4,1,Adult Male and Adult Female (M&F),NA,0,NA,0,0,0,NA,1,1,0,1,1,NA,NA,NA,1,NA,NA,0,NA,NA,1,0,Female,MAGWIRA 1,MALEMIA,NA,NA,TITUKULANE,FALSE,FALSE,FALSE,1,1,1,1,0,1,1,1,1,1,1,1,TRUE,TRUE,TRUE,NA,NA,NA,TRUE,NA,NA,NA,Health and Nutrition,0,15,1,Zero (0)
23,MTOGOLO,ZOMBA,1,0,Adult Male and Adult Female (M&F),NA,0,NA,0,0,0,NA,0,0,0,1,1,NA,NA,NA,1,NA,NA,1,NA,NA,1,0,Female,MAGWIRA 1,MALEMIA,NA,NA,TITUKULANE,FALSE,FALSE,FALSE,1,1,1,1,1,1,1,1,1,1,1,1,TRUE,TRUE,TRUE,NA,NA,NA,TRUE,NA,NA,NA,Health and Nutrition,0,17,1,Zero (0)
33,MTOGOLO,ZOMBA,1,1,Adult Female no Adult Male (FnM),NA,0,NA,0,0,0,NA,1,0,0,1,1,NA,NA,NA,1,NA,NA,1,NA,NA,1,1,Female,MAGWIRA 1,MALEMIA,NA,NA,TITUKULANE,FALSE,FALSE,FALSE,1,1,1,1,1,1,1,1,1,1,1,1,TRUE,NA,TRUE,NA,NA,NA,TRUE,NA,NA,NA,Health and Nutrition,0,18,1,Zero (0)
21,MTOGOLO,ZOMBA,1,0,Adult Male and Adult Female (M&F),NA,0,NA,0,0,0,NA,1,0,0,1,1,NA,NA,NA,1,NA,NA,1,NA,NA,1,0,Female,MALEMIA,MALEMIA,NA,NA,TITUKULANE,FALSE,FALSE,FALSE,1,1,1,1,0,1,1,1,1,1,1,1,TRUE,TRUE,TRUE,NA,NA,NA,NA,TRUE,NA,NA,Health and Nutrition,0,16,1,Zero (0)
38,CHIPONDA,MANGOCHI,0,1,Adult Male and Adult Female (M&F),NA,0,NA,0,0,0,NA,1,1,0,1,1,NA,NA,NA,0,NA,NA,0,NA,NA,1,0,Female,MATIPANI,NAMABVI,NA,NA,TITUKULANE,FALSE,FALSE,FALSE,1,1,1,1,0,1,1,1,1,1,1,1,NA,NA,TRUE,TRUE,NA,NA,TRUE,NA,NA,TRUE,Health and Nutrition,0,14,1,Zero (0)
31,CHIPONDA,MANGOCHI,0,1,Adult Male and Adult Female (M&F),NA,0,NA,0,0,0,NA,1,1,0,0,1,NA,NA,NA,0,NA,NA,0,NA,NA,0,0,Female,MATIPANI,NAMABVI,NA,NA,TITUKULANE,FALSE,FALSE,FALSE,1,1,1,1,0,1,1,1,1,1,1,1,NA,NA,TRUE,NA,NA,TRUE,NA,NA,NA,TRUE,Health and Nutrition,0,12,1,Zero (0)
24,CHIPONDA,MANGOCHI,1,1,Adult Female no Adult Male (FnM),NA,0,NA,0,0,0,NA,0,0,0,1,0,NA,NA,NA,0,NA,NA,0,NA,NA,0,0,Female,MATIPANI,NAMABVI,NA,NA,TITUKULANE,FALSE,FALSE,FALSE,1,1,1,1,0,0,1,1,1,1,1,1,NA,TRUE,TRUE,NA,NA,NA,NA,NA,NA,NA,Health and Nutrition,0,11,1,Zero (0)
21,CHIPONDA,MANGOCHI,2,0,Adult Female no Adult Male (FnM),NA,0,NA,0,0,0,NA,0,0,0,0,0,NA,NA,NA,1,NA,NA,1,NA,NA,0,0,Female,MATIPANI,NAMABVI,NA,NA,TITUKULANE,FALSE,FALSE,FALSE,1,1,1,1,0,1,1,1,1,1,1,1,NA,TRUE,TRUE,NA,NA,NA,NA,NA,NA,NA,Health and Nutrition,0,13,1,Zero (0)
24,CHIPONDA,MANGOCHI,1,0,Adult Male and Adult Female (M&F),NA,0,NA,0,0,0,NA,1,0,0,1,1,NA,NA,NA,1,NA,NA,0,NA,NA,0,0,Female,MATIPANI,NAMABVI,NA,NA,TITUKULANE,FALSE,FALSE,FALSE,1,1,1,1,0,1,1,1,1,1,1,0,NA,TRUE,TRUE,NA,NA,NA,NA,NA,NA,NA,Health and Nutrition,0,13,1,Zero (0)
35,CHOPI,ZOMBA,1,1,Adult Female no Adult Male (FnM),NA,0,NA,0,0,0,NA,0,0,0,1,1,NA,NA,NA,1,NA,NA,0,NA,NA,1,0,Female,CHISUPULI,MALEMIA,NA,NA,TITUKULANE,FALSE,FALSE,FALSE,1,1,1,1,1,1,1,1,1,1,1,1,NA,TRUE,TRUE,TRUE,NA,TRUE,TRUE,NA,NA,TRUE,Health and Nutrition,0,16,1,Zero (0)
29,CHOPI,ZOMBA,0,1,Adult Male and Adult Female (M&F),NA,0,NA,0,0,0,NA,0,1,0,0,1,NA,NA,NA,1,NA,NA,1,NA,NA,1,0,Female,CHISUPULI,MALEMIA,NA,NA,TITUKULANE,FALSE,FALSE,FALSE,1,1,1,1,1,1,1,1,1,1,1,1,TRUE,TRUE,NA,TRUE,NA,TRUE,TRUE,NA,NA,TRUE,Health and Nutrition,0,16,1,Zero (0)
19,CHOPI,ZOMBA,1,2,Adult Female no Adult Male (FnM),NA,0,NA,0,0,0,NA,0,1,0,1,1,NA,NA,NA,1,NA,NA,0,NA,NA,0,1,Female,CHISUPULI,MALEMIA,NA,NA,TITUKULANE,FALSE,FALSE,FALSE,1,1,1,1,1,1,1,1,1,1,1,1,TRUE,TRUE,NA,NA,NA,TRUE,NA,NA,NA,NA,Health and Nutrition,0,16,1,Zero (0)
38,CHOPI,ZOMBA,0,1,Adult Female no Adult Male (FnM),NA,0,NA,0,0,0,NA,2,0,0,1,1,NA,NA,NA,1,NA,NA,0,NA,NA,0,0,Female,CHISUPULI,MALEMIA,NA,NA,TITUKULANE,FALSE,FALSE,FALSE,1,1,1,1,1,1,1,1,1,1,1,1,TRUE,NA,NA,TRUE,NA,NA,TRUE,NA,NA,NA,Health and Nutrition,0,15,1,Zero (0)
24,CHOPI,ZOMBA,1,0,Adult Male and Adult Female (M&F),NA,0,NA,0,0,0,NA,1,0,0,1,1,NA,NA,NA,1,NA,NA,0,NA,NA,1,0,Female,CHISUPULI,MALEMIA,NA,NA,TITUKULANE,FALSE,FALSE,FALSE,1,1,1,1,1,1,1,1,1,1,1,1,TRUE,NA,NA,TRUE,NA,NA,TRUE,NA,NA,NA,Health and Nutrition,0,16,1,Zero (0)
19,CHOPI,ZOMBA,1,0,Adult Female no Adult Male (FnM),NA,0,NA,0,0,0,NA,0,0,0,1,1,NA,NA,NA,1,NA,NA,0,NA,NA,1,0,Female,CHISUPULI,MALEMIA,NA,NA,TITUKULANE,FALSE,FALSE,FALSE,1,1,1,1,1,1,1,1,1,1,1,1,TRUE,NA,NA,TRUE,NA,NA,TRUE,NA,NA,TRUE,Health and Nutrition,0,16,1,Zero (0)
27,CHOPI,ZOMBA,0,1,Adult Male and Adult Female (M&F),NA,0,NA,0,0,0,NA,0,1,0,1,1,NA,NA,NA,1,NA,NA,1,NA,NA,1,1,Female,CHISUPULI,MALEMIA,NA,NA,TITUKULANE,FALSE,FALSE,FALSE,1,1,1,1,1,1,1,1,1,1,1,1,TRUE,NA,TRUE,TRUE,NA,NA,NA,NA,NA,NA,Health and Nutrition,0,18,1,Zero (0)
45,CHOPI,ZOMBA,1,1,Adult Male and Adult Female (M&F),NA,0,NA,0,0,0,NA,1,1,0,1,1,NA,NA,NA,1,NA,NA,1,NA,NA,1,1,Female,CHISUPULI,MALEMIA,NA,NA,TITUKULANE,FALSE,FALSE,FALSE,1,1,1,1,1,1,1,1,1,1,1,1,NA,NA,NA,TRUE,NA,NA,TRUE,NA,NA,NA,Health and Nutrition,0,18,1,Zero (0)
18,CHOPI,ZOMBA,1,0,Adult Male and Adult Female (M&F),NA,0,NA,0,0,0,NA,1,0,0,1,1,NA,NA,NA,1,NA,NA,1,NA,NA,1,1,Female,CHISUPULI,MALEMIA,NA,NA,TITUKULANE,FALSE,FALSE,FALSE,1,1,1,1,1,1,1,1,1,1,1,1,TRUE,NA,TRUE,NA,NA,NA,TRUE,NA,NA,NA,Health and Nutrition,0,18,1,Zero (0)
40,CHIPONDA,MANGOCHI,0,1,Adult Male and Adult Female (M&F),NA,0,NA,0,0,0,NA,1,1,0,1,1,NA,NA,NA,1,NA,NA,0,NA,NA,0,0,Female,MATIPANI,NAMABVI,NA,NA,TITUKULANE,FALSE,FALSE,FALSE,1,1,1,0,0,0,1,1,1,1,1,1,TRUE,NA,NA,NA,NA,NA,NA,NA,NA,TRUE,Health and Nutrition,0,12,1,Zero (0)
31,CHIPONDA,MANGOCHI,2,3,Adult Male and Adult Female (M&F),NA,1,NA,0,1,0,NA,3,1,0,1,1,NA,NA,NA,0,NA,NA,1,NA,NA,0,0,Female,MATIPANI,NAMABVI,NA,NA,TITUKULANE,FALSE,FALSE,FALSE,0,1,1,0,0,0,1,1,1,1,1,1,NA,NA,TRUE,NA,NA,NA,NA,NA,NA,TRUE,Health and Nutrition,2,11,1,One or more (1+)
24,CHIPONDA,MANGOCHI,1,0,Adult Male and Adult Female (M&F),NA,0,NA,0,0,0,NA,0,1,0,1,1,NA,NA,NA,0,NA,NA,0,NA,NA,0,0,Female,MATIPANI,NAMABVI,NA,NA,TITUKULANE,FALSE,FALSE,FALSE,0,1,1,0,0,0,1,1,1,1,1,1,TRUE,NA,TRUE,NA,NA,NA,NA,NA,NA,NA,Health and Nutrition,0,10,1,Zero (0)
24,CHIPONDA,MANGOCHI,1,0,Adult Male and Adult Female (M&F),NA,0,NA,0,0,0,NA,0,1,0,1,1,NA,NA,NA,1,NA,NA,1,NA,NA,0,1,Female,MATIPANI,NAMABVI,NA,NA,TITUKULANE,FALSE,FALSE,FALSE,1,1,1,1,0,1,1,1,1,1,1,1,NA,NA,TRUE,NA,NA,NA,NA,NA,NA,NA,Health and Nutrition,0,16,1,Zero (0)
39,CHIPONDA,MANGOCHI,0,1,Adult Female no Adult Male (FnM),NA,0,NA,0,0,0,NA,0,0,0,1,1,NA,NA,NA,1,NA,NA,0,NA,NA,0,0,Female,MATIPANI,NAMABVI,NA,NA,TITUKULANE,FALSE,FALSE,FALSE,1,1,1,1,1,1,1,1,1,1,1,1,NA,NA,TRUE,NA,NA,NA,NA,NA,NA,NA,Health and Nutrition,0,15,1,Zero (0)
29,CHIPONDA,MANGOCHI,0,1,Adult Female no Adult Male (FnM),NA,0,NA,0,0,0,NA,0,0,0,0,1,NA,NA,NA,0,NA,NA,0,NA,NA,0,0,Female,MATIPANI,NAMABVI,NA,NA,TITUKULANE,FALSE,FALSE,FALSE,0,1,1,0,1,1,1,1,1,1,0,1,NA,NA,TRUE,TRUE,NA,NA,NA,NA,NA,TRUE,Health and Nutrition,0,10,1,Zero (0)
21,CHIPONDA,MANGOCHI,1,1,Adult Female no Adult Male (FnM),NA,0,NA,0,0,0,NA,0,0,0,0,1,NA,NA,NA,0,NA,NA,0,NA,NA,0,0,Female,MATIPANI,NAMABVI,NA,NA,TITUKULANE,FALSE,FALSE,FALSE,0,1,0,0,0,0,1,1,1,1,0,0,TRUE,NA,TRUE,TRUE,NA,TRUE,NA,NA,NA,TRUE,Health and Nutrition,0,6,1,Zero (0)
21,CHIPONDA,MANGOCHI,3,1,Adult Female no Adult Male (FnM),NA,0,NA,0,0,0,NA,1,0,0,0,1,NA,NA,NA,1,NA,NA,0,NA,NA,0,0,Female,MATIPANI,NAMABVI,NA,NA,TITUKULANE,FALSE,FALSE,FALSE,1,1,1,1,1,1,1,1,1,0,1,1,TRUE,TRUE,TRUE,NA,NA,NA,NA,NA,NA,NA,Health and Nutrition,0,13,1,Zero (0)
21,CHIPONDA,MANGOCHI,1,1,Adult Male and Adult Female (M&F),NA,0,NA,0,0,0,NA,2,1,0,1,1,NA,NA,NA,1,NA,NA,1,NA,NA,0,1,Female,MATIPANI,NAMABVI,NA,NA,TITUKULANE,FALSE,FALSE,FALSE,1,1,1,1,1,1,1,1,1,1,1,1,TRUE,TRUE,TRUE,NA,NA,NA,NA,NA,NA,NA,Health and Nutrition,0,17,1,Zero (0)
29,CHIPONDA,MANGOCHI,1,0,Adult Male and Adult Female (M&F),NA,0,NA,0,0,0,NA,0,1,0,1,0,NA,NA,NA,1,NA,NA,1,NA,NA,1,0,Female,MATIPANI,NAMABVI,NA,NA,TITUKULANE,FALSE,FALSE,FALSE,0,1,1,0,0,1,0,1,1,1,1,1,NA,NA,TRUE,NA,NA,TRUE,NA,NA,NA,TRUE,Health and Nutrition,0,12,1,Zero (0)
31,CHIPONDA,MANGOCHI,0,1,Adult Male and Adult Female (M&F),NA,0,NA,0,0,1,NA,1,1,0,1,1,NA,NA,NA,1,NA,NA,0,NA,NA,1,0,Female,MATIPANI,NAMABVI,NA,NA,TITUKULANE,FALSE,FALSE,FALSE,0,1,1,0,0,1,0,1,1,1,1,1,NA,NA,TRUE,NA,NA,TRUE,NA,NA,NA,NA,Health and Nutrition,1,12,1,One or more (1+)
26,CHIPONDA,MANGOCHI,1,0,Adult Male and Adult Female (M&F),NA,0,NA,0,0,0,NA,0,1,1,1,1,NA,NA,NA,1,NA,NA,1,NA,NA,1,0,Female,MATIPANI,NAMABVI,NA,NA,TITUKULANE,FALSE,FALSE,FALSE,0,1,1,0,0,1,0,1,1,1,1,1,NA,NA,TRUE,NA,NA,TRUE,NA,NA,NA,NA,Health and Nutrition,0,14,1,Zero (0)
31,CHIPONDA,MANGOCHI,0,1,Adult Female no Adult Male (FnM),NA,0,NA,0,0,0,NA,0,0,1,1,1,NA,NA,NA,1,NA,NA,1,NA,NA,1,0,Female,MATIPANI,NAMABVI,NA,NA,TITUKULANE,FALSE,FALSE,FALSE,0,1,1,0,1,1,0,1,1,1,1,1,TRUE,NA,TRUE,NA,NA,TRUE,NA,NA,NA,TRUE,Health and Nutrition,0,15,1,Zero (0)
30,MASAMBUKA,ZOMBA,1,1,Adult Male and Adult Female (M&F),NA,0,NA,0,0,1,NA,0,1,0,0,1,NA,NA,NA,1,NA,NA,1,NA,NA,1,1,Female,MAMU,MALEMIA,NA,NA,TITUKULANE,FALSE,FALSE,FALSE,1,1,1,1,1,1,1,1,1,1,1,1,TRUE,TRUE,NA,NA,NA,NA,NA,NA,NA,TRUE,Health and Nutrition,1,17,1,One or more (1+)
38,MASAMBUKA,ZOMBA,1,1,Adult Female no Adult Male (FnM),NA,0,NA,0,0,0,NA,1,0,0,0,1,NA,NA,NA,1,NA,NA,1,NA,NA,1,1,Female,MAMU,MALEMIA,NA,NA,TITUKULANE,FALSE,FALSE,FALSE,1,1,1,0,1,1,1,1,1,1,1,1,TRUE,TRUE,NA,TRUE,NA,TRUE,NA,NA,NA,TRUE,Health and Nutrition,0,16,1,Zero (0)
26,MASAMBUKA,ZOMBA,1,0,Adult Male and Adult Female (M&F),NA,0,NA,0,0,0,NA,1,0,0,1,1,NA,NA,NA,1,NA,NA,1,NA,NA,1,1,Female,MAMU,MALEMIA,NA,NA,TITUKULANE,FALSE,FALSE,FALSE,1,1,1,1,1,1,1,1,1,1,1,1,TRUE,NA,TRUE,TRUE,NA,NA,NA,NA,NA,TRUE,Health and Nutrition,0,18,1,Zero (0)
33,MASAMBUKA,ZOMBA,0,1,Adult Male and Adult Female (M&F),NA,0,NA,0,0,0,NA,0,1,0,0,1,NA,NA,NA,1,NA,NA,1,NA,NA,1,1,Female,MAMU,MALEMIA,NA,NA,TITUKULANE,FALSE,FALSE,FALSE,1,1,1,1,1,1,1,1,1,1,1,1,TRUE,NA,TRUE,NA,NA,NA,NA,NA,NA,TRUE,Health and Nutrition,0,17,1,Zero (0)
30,MASAMBUKA,ZOMBA,1,1,Adult Male and Adult Female (M&F),NA,0,NA,0,0,0,NA,0,1,0,1,1,NA,NA,NA,1,NA,NA,1,NA,NA,1,1,Female,MAMU,MALEMIA,NA,NA,TITUKULANE,FALSE,FALSE,FALSE,1,1,1,1,1,1,1,1,1,1,1,1,TRUE,NA,TRUE,NA,NA,NA,NA,NA,TRUE,TRUE,Health and Nutrition,0,18,1,Zero (0)
35,MASAMBUKA,ZOMBA,1,0,Adult Male and Adult Female (M&F),NA,0,NA,0,0,0,NA,0,1,0,0,1,NA,NA,NA,1,NA,NA,1,NA,NA,0,0,Female,MASAMBUKA,MALEMIA,NA,NA,TITUKULANE,FALSE,FALSE,FALSE,1,1,1,0,1,1,1,1,1,1,1,1,TRUE,NA,TRUE,TRUE,NA,TRUE,TRUE,NA,NA,NA,Health and Nutrition,0,14,1,Zero (0)
22,MASAMBUKA,ZOMBA,1,0,Adult Male and Adult Female (M&F),NA,0,NA,0,0,0,NA,1,0,0,1,1,NA,NA,NA,1,NA,NA,1,NA,NA,1,1,Female,MAMU,MALEMIA,NA,NA,TITUKULANE,FALSE,FALSE,FALSE,1,1,1,1,1,1,1,1,1,1,1,1,NA,TRUE,TRUE,TRUE,NA,NA,NA,NA,NA,NA,Health and Nutrition,0,18,1,Zero (0)
28,MASAMBUKA,ZOMBA,0,1,Adult Male and Adult Female (M&F),NA,0,NA,0,0,1,NA,0,1,0,1,1,NA,NA,NA,1,NA,NA,1,NA,NA,1,1,Female,MAMU,MALEMIA,NA,NA,TITUKULANE,FALSE,FALSE,FALSE,0,1,1,1,0,1,1,1,1,1,1,1,NA,NA,TRUE,NA,NA,NA,NA,NA,NA,NA,Health and Nutrition,1,16,1,One or more (1+)
27,MASAMBUKA,ZOMBA,1,0,Adult Female no Adult Male (FnM),NA,0,NA,0,0,0,NA,0,0,0,1,1,NA,NA,NA,1,NA,NA,1,NA,NA,1,1,Female,MAMU,MALEMIA,NA,NA,TITUKULANE,FALSE,FALSE,FALSE,0,1,1,1,1,1,1,1,1,1,1,1,NA,TRUE,TRUE,NA,NA,NA,NA,NA,NA,NA,Health and Nutrition,0,17,1,Zero (0)
29,MASAMBUKA,ZOMBA,1,0,Adult Male and Adult Female (M&F),NA,0,NA,0,0,0,NA,1,0,0,1,1,NA,NA,NA,1,NA,NA,1,NA,NA,1,1,Female,MAMU,MALEMIA,NA,NA,TITUKULANE,FALSE,FALSE,FALSE,1,1,1,1,0,1,1,1,1,1,1,1,NA,TRUE,TRUE,NA,NA,NA,NA,NA,NA,NA,Health and Nutrition,0,17,1,Zero (0)
27,MASAMBUKA,ZOMBA,1,0,Adult Male and Adult Female (M&F),NA,0,NA,0,0,0,NA,1,0,0,1,1,NA,NA,NA,1,NA,NA,1,NA,NA,1,0,Female,MAMU,MALEMIA,NA,NA,TITUKULANE,FALSE,FALSE,FALSE,1,1,1,1,0,1,1,1,1,1,1,1,NA,TRUE,TRUE,NA,NA,NA,NA,NA,NA,NA,Health and Nutrition,0,16,1,Zero (0)
24,NG'OMBE,MANGOCHI,1,0,Adult Female no Adult Male (FnM),NA,0,NA,0,0,0,NA,0,0,0,1,1,NA,NA,NA,0,NA,NA,1,NA,NA,1,1,Female,MPUNDI,NAMABVI,NA,NA,TITUKULANE,FALSE,FALSE,FALSE,0,1,1,1,0,0,1,0,1,1,1,1,NA,NA,TRUE,NA,NA,TRUE,NA,NA,NA,NA,Health and Nutrition,0,13,1,Zero (0)
47,NG'OMBE,MANGOCHI,0,1,Adult Male and Adult Female (M&F),NA,0,NA,0,0,0,NA,0,1,0,1,1,NA,NA,NA,1,NA,NA,1,NA,NA,1,0,Female,MPUNDI,NAMABVI,NA,NA,TITUKULANE,FALSE,FALSE,FALSE,0,1,1,0,0,1,0,1,1,1,1,1,TRUE,NA,TRUE,NA,NA,TRUE,NA,NA,NA,NA,Health and Nutrition,0,13,1,Zero (0)
25,NG'OMBE,MANGOCHI,1,0,Adult Male and Adult Female (M&F),NA,0,NA,0,0,0,NA,0,1,1,1,0,NA,NA,NA,1,NA,NA,1,NA,NA,1,0,Female,MPUNDI,NAMABVI,NA,NA,TITUKULANE,FALSE,FALSE,FALSE,0,1,1,0,1,1,0,1,1,1,0,0,NA,TRUE,TRUE,NA,NA,TRUE,NA,NA,NA,NA,Health and Nutrition,0,12,1,Zero (0)
26,NG'OMBE,MANGOCHI,1,0,Adult Male and Adult Female (M&F),NA,0,NA,0,0,0,NA,0,1,0,0,1,NA,NA,NA,0,NA,NA,1,NA,NA,1,0,Female,MPUNDI,NAMABVI,NA,NA,TITUKULANE,FALSE,FALSE,FALSE,0,1,1,0,1,0,0,1,1,1,1,0,TRUE,NA,NA,NA,NA,NA,NA,NA,NA,NA,Health and Nutrition,0,10,1,Zero (0)
32,NG'OMBE,MANGOCHI,0,0,Adult Female no Adult Male (FnM),NA,0,NA,0,0,0,NA,0,0,0,1,1,NA,NA,NA,1,NA,NA,0,NA,NA,1,0,Female,MPUNDI,NAMABVI,NA,NA,TITUKULANE,FALSE,FALSE,FALSE,1,1,1,0,0,0,1,1,1,1,1,1,TRUE,NA,TRUE,NA,NA,NA,NA,NA,NA,NA,Health and Nutrition,0,13,1,Zero (0)
23,NG'OMBE,MANGOCHI,1,0,Adult Male and Adult Female (M&F),NA,0,NA,0,0,0,NA,1,0,1,1,1,NA,NA,NA,1,NA,NA,1,NA,NA,1,0,Female,MPUNDI,NAMABVI,NA,NA,TITUKULANE,FALSE,FALSE,FALSE,0,1,1,1,0,1,0,1,1,1,1,1,TRUE,NA,TRUE,NA,NA,TRUE,NA,NA,NA,NA,Health and Nutrition,0,15,1,Zero (0)
26,KASELEMA,ZOMBA,1,0,Adult Male and Adult Female (M&F),NA,0,NA,0,0,1,NA,1,0,0,0,1,NA,NA,NA,1,NA,NA,0,NA,NA,0,0,Female,KASELEMA,CHIKOWI,NA,NA,TITUKULANE,FALSE,FALSE,FALSE,1,1,1,1,1,1,1,1,1,1,0,1,TRUE,NA,NA,TRUE,NA,NA,TRUE,NA,NA,NA,Health and Nutrition,1,13,1,One or more (1+)
44,NG'OMBE,MANGOCHI,0,1,Adult Female no Adult Male (FnM),NA,0,NA,0,0,0,NA,1,0,0,1,0,NA,NA,NA,0,NA,NA,0,NA,NA,0,0,Female,MPUNDI,NAMABVI,NA,NA,TITUKULANE,FALSE,FALSE,FALSE,0,1,0,0,0,0,1,1,1,1,0,1,NA,NA,TRUE,NA,NA,NA,NA,NA,NA,NA,Health and Nutrition,0,7,1,Zero (0)
36,NG'OMBE,MANGOCHI,1,1,Adult Male and Adult Female (M&F),NA,0,NA,0,0,0,NA,0,1,0,0,0,NA,NA,NA,1,NA,NA,0,NA,NA,1,0,Female,MPUNDI,NAMABVI,NA,NA,TITUKULANE,FALSE,FALSE,FALSE,1,1,1,0,0,1,1,1,1,1,0,1,TRUE,TRUE,NA,NA,NA,TRUE,NA,NA,NA,TRUE,Health and Nutrition,0,11,1,Zero (0)
27,NG'OMBE,MANGOCHI,1,2,Adult Female no Adult Male (FnM),NA,0,NA,0,0,0,NA,0,0,0,0,0,NA,NA,NA,1,NA,NA,0,NA,NA,0,0,Female,MPUNDI,NAMABVI,NA,NA,TITUKULANE,FALSE,FALSE,FALSE,1,1,1,1,0,1,1,1,1,1,1,1,NA,NA,TRUE,NA,NA,NA,NA,NA,NA,TRUE,Health and Nutrition,0,12,1,Zero (0)
25,NG'OMBE,MANGOCHI,2,1,Adult Male and Adult Female (M&F),NA,0,NA,0,0,0,NA,1,0,0,0,0,NA,NA,NA,1,NA,NA,0,NA,NA,1,0,Female,MPUNDI,NAMABVI,NA,NA,TITUKULANE,FALSE,FALSE,FALSE,1,1,1,0,0,1,1,1,1,1,1,0,TRUE,NA,NA,NA,NA,TRUE,NA,NA,NA,TRUE,Health and Nutrition,0,11,1,Zero (0)
40,NG'OMBE,MANGOCHI,1,1,Adult Male and Adult Female (M&F),NA,0,NA,0,0,0,NA,2,1,0,0,1,NA,NA,NA,0,NA,NA,0,NA,NA,0,0,Female,MPUNDI,NAMABVI,NA,NA,TITUKULANE,FALSE,FALSE,FALSE,1,1,1,0,0,1,1,1,1,1,1,1,TRUE,TRUE,TRUE,NA,NA,NA,NA,NA,NA,TRUE,Health and Nutrition,0,11,1,Zero (0)
24,MATUMBI,ZOMBA,2,0,Adult Female no Adult Male (FnM),NA,0,NA,0,0,0,NA,0,0,0,1,1,NA,NA,NA,1,NA,NA,1,NA,NA,0,0,Female,CHIUNDA 5,MLUMBE,NA,NA,TITUKULANE,FALSE,FALSE,FALSE,1,1,1,1,0,1,0,1,1,1,1,1,TRUE,NA,NA,NA,NA,NA,NA,NA,NA,TRUE,Health and Nutrition,0,14,1,Zero (0)
44,MATUMBI,ZOMBA,2,1,Adult Male and Adult Female (M&F),NA,0,NA,0,0,0,NA,1,1,0,1,1,NA,NA,NA,1,NA,NA,1,NA,NA,0,0,Female,CHIUNDA 5,MLUMBE,NA,NA,TITUKULANE,FALSE,FALSE,FALSE,1,1,1,1,1,1,0,1,1,1,1,1,TRUE,NA,NA,NA,NA,TRUE,NA,NA,NA,NA,Health and Nutrition,0,15,1,Zero (0)
27,MATUMBI,ZOMBA,1,0,Adult Male and Adult Female (M&F),NA,0,NA,0,0,0,NA,0,1,0,1,1,NA,NA,NA,1,NA,NA,0,NA,NA,0,0,Female,CHIUNDA 5,MLUMBE,NA,NA,TITUKULANE,FALSE,FALSE,FALSE,1,1,1,1,1,1,1,1,1,1,1,1,TRUE,TRUE,NA,NA,NA,TRUE,NA,NA,NA,NA,Health and Nutrition,0,15,1,Zero (0)
38,MATUMBI,ZOMBA,0,1,Adult Male and Adult Female (M&F),NA,0,NA,0,0,0,NA,0,1,0,1,1,NA,NA,NA,1,NA,NA,0,NA,NA,0,0,Female,CHIUNDA 5,MLUMBE,NA,NA,TITUKULANE,FALSE,FALSE,FALSE,1,1,1,1,0,1,1,1,1,1,1,1,TRUE,TRUE,NA,TRUE,NA,TRUE,TRUE,NA,NA,NA,Health and Nutrition,0,14,1,Zero (0)
37,MATUMBI,ZOMBA,1,1,Adult Male and Adult Female (M&F),NA,0,NA,0,0,0,NA,1,1,0,0,0,NA,NA,NA,0,NA,NA,1,NA,NA,0,0,Female,CHIUNDA 5,MLUMBE,NA,NA,TITUKULANE,FALSE,FALSE,FALSE,1,1,1,0,0,1,0,1,1,1,0,1,TRUE,NA,TRUE,TRUE,NA,NA,NA,NA,NA,TRUE,Health and Nutrition,0,9,1,Zero (0)
31,MATUMBI,ZOMBA,0,1,Adult Male and Adult Female (M&F),NA,0,NA,0,0,0,NA,1,1,0,1,0,NA,NA,NA,1,NA,NA,0,NA,NA,1,0,Female,CHIUNDA 5,MLUMBE,NA,NA,TITUKULANE,FALSE,FALSE,FALSE,1,1,1,0,1,1,1,1,1,1,1,1,TRUE,NA,TRUE,NA,NA,NA,NA,NA,NA,NA,Health and Nutrition,0,14,1,Zero (0)
39,MATUMBI,ZOMBA,2,1,Adult Male and Adult Female (M&F),NA,0,NA,0,0,0,NA,0,1,0,0,1,NA,NA,NA,0,NA,NA,0,NA,NA,0,0,Female,CHIUNDA 5,MLUMBE,NA,NA,TITUKULANE,FALSE,FALSE,FALSE,1,1,1,1,0,1,1,1,1,1,1,1,TRUE,NA,TRUE,NA,NA,NA,NA,NA,NA,NA,Health and Nutrition,0,12,1,Zero (0)
43,MATUMBI,ZOMBA,0,1,Adult Female no Adult Male (FnM),NA,0,NA,0,0,0,NA,0,0,0,0,1,NA,NA,NA,0,NA,NA,0,NA,NA,0,0,Female,CHIUNDA 5,MLUMBE,NA,NA,TITUKULANE,FALSE,FALSE,FALSE,0,1,0,0,1,1,0,1,1,1,0,1,TRUE,NA,TRUE,TRUE,NA,NA,NA,NA,NA,TRUE,Health and Nutrition,0,8,1,Zero (0)
22,MATUMBI,ZOMBA,2,0,Adult Male and Adult Female (M&F),NA,0,NA,0,0,0,NA,3,0,0,1,1,NA,NA,NA,0,NA,NA,0,NA,NA,1,0,Female,CHIUNDA 5,MLUMBE,NA,NA,TITUKULANE,FALSE,FALSE,FALSE,0,1,1,0,1,1,1,1,1,1,1,1,TRUE,NA,TRUE,NA,NA,NA,NA,NA,NA,TRUE,Health and Nutrition,0,13,1,Zero (0)
27,NAWANI,ZOMBA,1,0,Adult Female no Adult Male (FnM),NA,0,NA,0,0,0,NA,0,0,0,1,1,NA,NA,NA,1,NA,NA,0,NA,NA,0,0,Female,KUNSIYA 1,MLUMBE,NA,NA,TITUKULANE,FALSE,FALSE,FALSE,1,1,1,1,1,1,1,1,1,1,1,1,TRUE,TRUE,TRUE,TRUE,NA,NA,TRUE,NA,NA,NA,Health and Nutrition,0,15,1,Zero (0)
24,MATUMBI,ZOMBA,1,0,Adult Male and Adult Female (M&F),NA,0,NA,0,0,0,NA,0,1,0,1,1,NA,NA,NA,1,NA,NA,0,NA,NA,0,0,Female,CHIUNDA 5,MLUMBE,NA,NA,TITUKULANE,FALSE,FALSE,FALSE,1,1,1,1,1,1,1,1,1,1,1,1,TRUE,NA,NA,NA,NA,NA,TRUE,NA,NA,TRUE,Health and Nutrition,0,15,1,Zero (0)
20,FOWO,MANGOCHI,1,0,Adult Male and Adult Female (M&F),NA,0,NA,0,0,0,NA,1,0,0,0,0,NA,NA,NA,0,NA,NA,0,NA,NA,0,0,Female,FOWO,NAMABVI,NA,NA,TITUKULANE,FALSE,FALSE,FALSE,0,1,1,0,0,1,0,1,1,1,0,0,NA,NA,TRUE,NA,NA,TRUE,NA,NA,NA,TRUE,Health and Nutrition,0,6,1,Zero (0)
30,FOWO,MANGOCHI,0,1,Adult Male and Adult Female (M&F),NA,0,NA,0,0,0,NA,0,1,0,0,0,NA,NA,NA,0,NA,NA,0,NA,NA,0,0,Female,FOWO,NAMABVI,NA,NA,TITUKULANE,FALSE,FALSE,FALSE,1,1,1,1,0,1,1,1,1,1,0,1,NA,NA,TRUE,NA,NA,TRUE,NA,NA,NA,TRUE,Health and Nutrition,0,10,1,Zero (0)
19,FOWO,MANGOCHI,1,0,Adult Male and Adult Female (M&F),NA,0,NA,0,0,0,NA,1,0,0,0,0,NA,NA,NA,0,NA,NA,0,NA,NA,0,0,Female,FOWO,NAMABVI,NA,NA,TITUKULANE,FALSE,FALSE,FALSE,0,1,1,1,0,1,1,1,1,1,1,1,TRUE,NA,TRUE,NA,NA,TRUE,NA,NA,NA,NA,Health and Nutrition,0,10,1,Zero (0)
41,FOWO,MANGOCHI,2,1,Adult Male and Adult Female (M&F),NA,0,NA,0,0,0,NA,2,1,0,1,0,NA,NA,NA,0,NA,NA,0,NA,NA,0,0,Female,FOWO,NAMABVI,NA,NA,TITUKULANE,FALSE,FALSE,FALSE,1,1,1,1,0,1,1,1,1,1,0,1,NA,NA,TRUE,NA,NA,NA,NA,NA,NA,TRUE,Health and Nutrition,0,11,1,Zero (0)
32,FOWO,MANGOCHI,0,1,Adult Male and Adult Female (M&F),NA,0,NA,0,0,0,NA,0,1,0,0,1,NA,NA,NA,1,NA,NA,0,NA,NA,1,0,Female,FOWO,NAMABVI,NA,NA,TITUKULANE,FALSE,FALSE,FALSE,1,1,1,1,1,1,1,1,1,1,0,1,TRUE,NA,TRUE,NA,NA,TRUE,NA,NA,NA,TRUE,Health and Nutrition,0,14,1,Zero (0)
24,FOWO,MANGOCHI,1,1,Adult Male and Adult Female (M&F),NA,0,NA,0,0,0,NA,1,2,0,0,0,NA,NA,NA,0,NA,NA,0,NA,NA,0,0,Female,FOWO,NAMABVI,NA,NA,TITUKULANE,FALSE,FALSE,FALSE,0,0,1,0,0,0,0,0,1,1,1,0,TRUE,NA,NA,TRUE,NA,TRUE,TRUE,NA,TRUE,NA,Health and Nutrition,0,4,1,Zero (0)
38,FOWO,MANGOCHI,0,1,Adult Male and Adult Female (M&F),NA,0,NA,0,0,1,NA,1,1,0,0,1,NA,NA,NA,0,NA,NA,0,NA,NA,0,0,Female,FOWO,NAMABVI,NA,NA,TITUKULANE,FALSE,FALSE,FALSE,0,1,0,0,1,0,0,1,1,1,1,1,TRUE,NA,TRUE,NA,NA,TRUE,NA,NA,NA,NA,Health and Nutrition,1,8,1,One or more (1+)
24,FOWO,MANGOCHI,1,0,Adult Male and Adult Female (M&F),NA,0,NA,0,0,0,NA,1,0,0,0,0,NA,NA,NA,0,NA,NA,0,NA,NA,0,0,Female,FOWO,NAMABVI,NA,NA,TITUKULANE,FALSE,FALSE,FALSE,0,0,0,0,0,0,0,1,1,0,0,0,TRUE,TRUE,TRUE,NA,NA,NA,TRUE,NA,NA,NA,Health and Nutrition,0,2,1,Zero (0)
23,FOWO,MANGOCHI,1,1,Adult Female no Adult Male (FnM),NA,0,NA,0,0,0,NA,1,0,0,0,0,NA,NA,NA,0,NA,NA,0,NA,NA,0,0,Female,FOWO,NAMABVI,NA,NA,TITUKULANE,FALSE,FALSE,FALSE,0,1,0,0,0,1,0,1,1,0,0,0,TRUE,NA,TRUE,NA,NA,NA,NA,NA,NA,NA,Health and Nutrition,0,4,1,Zero (0)
36,FOWO,MANGOCHI,2,2,Adult Male and Adult Female (M&F),NA,0,NA,0,0,0,NA,1,1,0,0,1,NA,NA,NA,1,NA,NA,0,NA,NA,0,0,Female,FOWO,NAMABVI,NA,NA,TITUKULANE,FALSE,FALSE,FALSE,0,1,1,0,0,0,1,1,1,1,0,1,TRUE,NA,NA,TRUE,NA,TRUE,NA,NA,NA,TRUE,Health and Nutrition,0,9,1,Zero (0)
35,FOWO,MANGOCHI,1,2,Adult Female no Adult Male (FnM),NA,0,NA,0,0,0,NA,1,1,0,1,1,NA,NA,NA,0,NA,NA,0,NA,NA,0,0,Female,FOWO,NAMABVI,NA,NA,TITUKULANE,FALSE,FALSE,FALSE,1,1,1,1,0,1,1,1,1,1,1,1,TRUE,NA,TRUE,NA,NA,NA,NA,NA,NA,NA,Health and Nutrition,0,13,1,Zero (0)
32,FOWO,MANGOCHI,1,1,Adult Male and Adult Female (M&F),NA,0,NA,0,0,0,NA,0,1,0,0,1,NA,NA,NA,1,NA,NA,0,NA,NA,0,0,Female,FOWO,NAMABVI,NA,NA,TITUKULANE,FALSE,FALSE,FALSE,0,1,0,0,0,0,1,1,1,1,0,1,TRUE,NA,TRUE,TRUE,NA,TRUE,TRUE,NA,NA,NA,Health and Nutrition,0,8,1,Zero (0)
26,FOWO,MANGOCHI,0,1,Adult Female no Adult Male (FnM),NA,0,NA,0,0,0,NA,0,1,0,0,0,NA,NA,NA,0,NA,NA,0,NA,NA,0,0,Female,FOWO,NAMABVI,NA,NA,TITUKULANE,FALSE,FALSE,FALSE,0,1,1,1,0,1,0,1,1,1,1,1,NA,NA,TRUE,NA,NA,NA,NA,NA,NA,NA,Health and Nutrition,0,9,1,Zero (0)
40,FOWO,MANGOCHI,2,1,Adult Male and Adult Female (M&F),NA,0,NA,0,0,0,NA,2,1,0,0,0,NA,NA,NA,1,NA,NA,0,NA,NA,0,0,Female,FOWO,NAMABVI,NA,NA,TITUKULANE,FALSE,FALSE,FALSE,0,1,1,1,0,1,1,1,1,1,1,1,TRUE,NA,TRUE,NA,NA,NA,NA,NA,NA,NA,Health and Nutrition,0,11,1,Zero (0)
30,FOWO,MANGOCHI,1,1,Adult Female no Adult Male (FnM),NA,0,NA,0,0,0,NA,0,1,0,0,1,NA,NA,NA,1,NA,NA,0,NA,NA,0,0,Female,FOWO,NAMABVI,NA,NA,TITUKULANE,TRUE,FALSE,FALSE,1,1,1,1,0,1,1,1,1,1,1,1,TRUE,NA,NA,NA,NA,NA,NA,NA,NA,NA,Health and Nutrition,1,13,1,One or more (1+)
